order_item_id,order_id,product_id,quantity,unit_price,discount_percentage,final_price
1,1,14,3,366,10,988.2
2,1,40,3,1892,20,4540.8
3,1,31,2,2744,30,3841.6
4,1,46,3,3534,5,10071.9
5,2,30,2,4815,20,7704.0
6,2,39,2,688,15,1169.6
7,3,2,2,28289,30,39604.6
8,4,50,3,3656,5,10419.6
9,5,36,3,1140,5,3249.0
10,5,7,3,3287,10,8874.9
11,5,30,3,4815,20,11556.0
12,5,15,3,899,30,1887.9
13,5,14,1,366,10,329.4
14,6,36,2,1140,5,2166.0
15,7,9,1,2666,0,2666.0
16,7,24,1,2287,15,1943.95
17,8,5,1,95181,30,66626.7
18,8,12,1,433,10,389.7
19,9,35,1,945,0,945.0
20,9,31,3,2744,30,5762.4
21,9,38,2,1952,20,3123.2
22,9,3,1,21395,20,17116.0
23,10,45,3,42423,20,101815.2
24,10,36,2,1140,5,2166.0
25,11,22,3,2499,20,5997.6
26,11,39,1,688,15,584.8
27,11,49,1,1095,5,1040.25
28,12,42,3,5471,0,16413.0
29,12,8,2,1337,0,2674.0
30,12,1,3,93810,0,281430.0
31,12,6,2,2778,0,5556.0
32,13,48,3,1006,0,3018.0
33,13,15,2,899,30,1258.6
34,13,14,1,366,10,329.4
35,14,34,3,3273,10,8837.1
36,14,26,3,1540,15,3927.0
37,14,30,2,4815,20,7704.0
38,14,48,1,1006,0,1006.0
39,14,7,2,3287,10,5916.6
40,15,16,1,35087,5,33332.65
41,15,4,3,40495,20,97188.0
42,16,24,3,2287,15,5831.85
43,16,23,1,2590,15,2201.5
44,16,48,1,1006,0,1006.0
45,16,20,3,44245,5,126098.25
46,16,43,1,7058,10,6352.2
47,17,26,3,1540,15,3927.0
48,17,1,2,93810,0,187620.0
49,17,12,2,433,10,779.4
50,18,33,2,304,20,486.4
51,18,29,3,6073,0,18219.0
52,18,13,2,303,15,515.1
53,19,11,3,570,20,1368.0
54,19,48,2,1006,0,2012.0
55,19,14,1,366,10,329.4
56,19,16,1,35087,5,33332.65
57,19,24,2,2287,15,3887.9
58,20,7,1,3287,10,2958.3
59,20,40,3,1892,20,4540.8
60,20,14,3,366,10,988.2
61,20,49,3,1095,5,3120.75
62,21,18,1,10331,5,9814.45
63,21,40,2,1892,20,3027.2
64,21,35,2,945,0,1890.0
65,21,7,3,3287,10,8874.9
66,22,22,1,2499,20,1999.2
67,22,44,3,36812,5,104914.2
68,23,23,2,2590,15,4403.0
69,23,48,2,1006,0,2012.0
70,23,21,1,2833,15,2408.05
71,23,3,2,21395,20,34232.0
72,24,13,2,303,15,515.1
73,24,32,2,1623,20,2596.8
74,24,41,2,27156,0,54312.0
75,25,39,1,688,15,584.8
76,26,21,2,2833,15,4816.1
77,26,13,3,303,15,772.65
78,27,39,2,688,15,1169.6
79,27,42,2,5471,0,10942.0
80,27,32,3,1623,20,3895.2
81,27,13,2,303,15,515.1
82,28,20,3,44245,5,126098.25
83,28,28,1,2376,30,1663.2
84,28,15,1,899,30,629.3
85,28,39,2,688,15,1169.6
86,28,9,1,2666,0,2666.0
87,29,13,3,303,15,772.65
88,29,4,2,40495,20,64792.0
89,29,23,3,2590,15,6604.5
90,29,44,2,36812,5,69942.8
91,30,28,3,2376,30,4989.6
92,31,19,1,38093,0,38093.0
93,31,46,2,3534,5,6714.6
94,32,28,2,2376,30,3326.4
95,32,16,1,35087,5,33332.65
96,32,35,3,945,0,2835.0
97,32,38,3,1952,20,4684.8
98,32,27,1,4619,20,3695.2
99,33,21,1,2833,15,2408.05
100,33,36,1,1140,5,1083.0
101,34,37,1,388,10,349.2
102,35,47,2,3669,15,6237.3
103,36,49,2,1095,5,2080.5
104,37,30,2,4815,20,7704.0
105,37,23,2,2590,15,4403.0
106,38,41,3,27156,0,81468.0
107,38,48,2,1006,0,2012.0
108,38,3,3,21395,20,51348.0
109,38,5,1,95181,30,66626.7
110,39,1,1,93810,0,93810.0
111,40,11,2,570,20,912.0
112,40,1,3,93810,0,281430.0
113,40,8,2,1337,0,2674.0
114,41,44,2,36812,5,69942.8
115,41,16,3,35087,5,99997.95
116,42,25,2,826,30,1156.4
117,42,31,2,2744,30,3841.6
118,42,36,1,1140,5,1083.0
119,42,22,2,2499,20,3998.4
120,42,35,3,945,0,2835.0
121,43,11,2,570,20,912.0
122,44,33,2,304,20,486.4
123,45,45,1,42423,20,33938.4
124,46,27,1,4619,20,3695.2
125,46,6,1,2778,0,2778.0
126,46,29,3,6073,0,18219.0
127,46,41,1,27156,0,27156.0
128,46,14,3,366,10,988.2
129,47,45,2,42423,20,67876.8
130,47,36,3,1140,5,3249.0
131,48,11,3,570,20,1368.0
132,48,9,1,2666,0,2666.0
133,48,35,3,945,0,2835.0
134,48,45,1,42423,20,33938.4
135,49,13,1,303,15,257.55
136,49,7,3,3287,10,8874.9
137,49,17,1,76000,5,72200.0
138,49,42,3,5471,0,16413.0
139,50,7,1,3287,10,2958.3
140,51,26,3,1540,15,3927.0
141,51,13,2,303,15,515.1
142,51,12,3,433,10,1169.1
143,52,22,2,2499,20,3998.4
144,52,24,2,2287,15,3887.9
145,52,7,2,3287,10,5916.6
146,53,47,2,3669,15,6237.3
147,53,41,1,27156,0,27156.0
148,53,16,2,35087,5,66665.3
149,53,27,2,4619,20,7390.4
150,54,1,3,93810,0,281430.0
151,54,26,2,1540,15,2618.0
152,54,45,3,42423,20,101815.2
153,54,32,1,1623,20,1298.4
154,54,7,1,3287,10,2958.3
155,55,9,3,2666,0,7998.0
156,55,46,2,3534,5,6714.6
157,55,24,3,2287,15,5831.85
158,55,29,3,6073,0,18219.0
159,55,4,3,40495,20,97188.0
160,56,28,2,2376,30,3326.4
161,56,23,2,2590,15,4403.0
162,56,41,3,27156,0,81468.0
163,56,15,1,899,30,629.3
164,56,18,2,10331,5,19628.9
165,57,11,2,570,20,912.0
166,58,34,3,3273,10,8837.1
167,58,39,2,688,15,1169.6
168,58,29,2,6073,0,12146.0
169,59,27,3,4619,20,11085.6
170,59,19,3,38093,0,114279.0
171,59,42,3,5471,0,16413.0
172,60,44,1,36812,5,34971.4
173,60,35,1,945,0,945.0
174,60,46,3,3534,5,10071.9
175,61,6,1,2778,0,2778.0
176,61,46,3,3534,5,10071.9
177,62,27,3,4619,20,11085.6
178,62,33,2,304,20,486.4
179,62,40,3,1892,20,4540.8
180,62,17,1,76000,5,72200.0
181,63,36,3,1140,5,3249.0
182,64,48,2,1006,0,2012.0
183,64,36,2,1140,5,2166.0
184,64,19,2,38093,0,76186.0
185,64,42,2,5471,0,10942.0
186,65,28,3,2376,30,4989.6
187,65,2,1,28289,30,19802.3
188,65,42,3,5471,0,16413.0
189,65,1,3,93810,0,281430.0
190,66,10,1,3600,0,3600.0
191,66,7,2,3287,10,5916.6
192,66,6,3,2778,0,8334.0
193,66,37,3,388,10,1047.6
194,66,27,1,4619,20,3695.2
195,67,42,3,5471,0,16413.0
196,67,16,2,35087,5,66665.3
197,67,47,3,3669,15,9355.95
198,67,35,2,945,0,1890.0
199,67,48,3,1006,0,3018.0
200,68,2,1,28289,30,19802.3
201,68,28,3,2376,30,4989.6
202,68,4,3,40495,20,97188.0
203,69,40,2,1892,20,3027.2
204,69,21,1,2833,15,2408.05
205,70,13,1,303,15,257.55
206,70,42,3,5471,0,16413.0
207,70,27,2,4619,20,7390.4
208,70,6,3,2778,0,8334.0
209,71,44,1,36812,5,34971.4
210,71,36,3,1140,5,3249.0
211,71,17,2,76000,5,144400.0
212,71,16,3,35087,5,99997.95
213,71,28,1,2376,30,1663.2
214,72,12,2,433,10,779.4
215,72,25,1,826,30,578.2
216,73,22,2,2499,20,3998.4
217,73,10,2,3600,0,7200.0
218,73,16,2,35087,5,66665.3
219,74,14,3,366,10,988.2
220,74,41,2,27156,0,54312.0
221,74,35,2,945,0,1890.0
222,75,18,2,10331,5,19628.9
223,76,5,3,95181,30,199880.1
224,77,31,3,2744,30,5762.4
225,77,22,3,2499,20,5997.6
226,77,2,1,28289,30,19802.3
227,77,40,2,1892,20,3027.2
228,77,30,1,4815,20,3852.0
229,78,15,1,899,30,629.3
230,78,17,3,76000,5,216600.0
231,78,43,2,7058,10,12704.4
232,78,10,3,3600,0,10800.0
233,78,29,2,6073,0,12146.0
234,79,18,1,10331,5,9814.45
235,79,33,1,304,20,243.2
236,79,26,1,1540,15,1309.0
237,79,28,1,2376,30,1663.2
238,80,21,2,2833,15,4816.1
239,80,18,3,10331,5,29443.35
240,80,29,2,6073,0,12146.0
241,81,9,2,2666,0,5332.0
242,81,17,3,76000,5,216600.0
243,82,9,1,2666,0,2666.0
244,82,3,2,21395,20,34232.0
245,83,39,3,688,15,1754.4
246,83,6,1,2778,0,2778.0
247,83,35,2,945,0,1890.0
248,84,38,1,1952,20,1561.6
249,85,14,2,366,10,658.8
250,85,48,1,1006,0,1006.0
251,85,11,1,570,20,456.0
252,85,26,3,1540,15,3927.0
253,86,18,2,10331,5,19628.9
254,86,3,1,21395,20,17116.0
255,87,36,3,1140,5,3249.0
256,87,40,2,1892,20,3027.2
257,88,24,2,2287,15,3887.9
258,88,33,2,304,20,486.4
259,88,13,2,303,15,515.1
260,88,50,2,3656,5,6946.4
261,89,49,1,1095,5,1040.25
262,90,46,1,3534,5,3357.3
263,90,5,3,95181,30,199880.1
264,90,17,2,76000,5,144400.0
265,90,42,1,5471,0,5471.0
266,90,41,2,27156,0,54312.0
267,91,39,1,688,15,584.8
268,91,43,1,7058,10,6352.2
269,91,14,3,366,10,988.2
270,91,44,1,36812,5,34971.4
271,91,12,3,433,10,1169.1
272,92,49,1,1095,5,1040.25
273,92,28,3,2376,30,4989.6
274,93,48,2,1006,0,2012.0
275,93,2,1,28289,30,19802.3
276,93,25,1,826,30,578.2
277,94,19,3,38093,0,114279.0
278,94,37,3,388,10,1047.6
279,94,49,2,1095,5,2080.5
280,94,24,1,2287,15,1943.95
281,95,30,1,4815,20,3852.0
282,96,48,2,1006,0,2012.0
283,96,27,2,4619,20,7390.4
284,96,23,3,2590,15,6604.5
285,97,38,3,1952,20,4684.8
286,97,23,3,2590,15,6604.5
287,97,45,2,42423,20,67876.8
288,97,10,2,3600,0,7200.0
289,97,43,3,7058,10,19056.6
290,98,9,2,2666,0,5332.0
291,98,25,2,826,30,1156.4
292,99,17,1,76000,5,72200.0
293,99,45,1,42423,20,33938.4
294,99,10,2,3600,0,7200.0
295,100,23,1,2590,15,2201.5
296,101,13,3,303,15,772.65
297,101,35,1,945,0,945.0
298,102,6,3,2778,0,8334.0
299,102,42,1,5471,0,5471.0
300,103,16,3,35087,5,99997.95
301,103,1,1,93810,0,93810.0
302,103,25,1,826,30,578.2
303,103,33,2,304,20,486.4
304,103,36,3,1140,5,3249.0
305,104,32,2,1623,20,2596.8
306,105,11,3,570,20,1368.0
307,105,21,3,2833,15,7224.15
308,105,19,1,38093,0,38093.0
309,106,49,1,1095,5,1040.25
310,106,44,3,36812,5,104914.2
311,106,3,1,21395,20,17116.0
312,106,41,3,27156,0,81468.0
313,106,6,1,2778,0,2778.0
314,107,10,3,3600,0,10800.0
315,108,39,2,688,15,1169.6
316,109,30,2,4815,20,7704.0
317,109,7,1,3287,10,2958.3
318,109,13,3,303,15,772.65
319,109,49,2,1095,5,2080.5
320,110,14,3,366,10,988.2
321,110,30,1,4815,20,3852.0
322,110,41,1,27156,0,27156.0
323,110,39,3,688,15,1754.4
324,111,43,2,7058,10,12704.4
325,112,22,3,2499,20,5997.6
326,112,29,1,6073,0,6073.0
327,112,12,3,433,10,1169.1
328,112,40,3,1892,20,4540.8
329,113,24,3,2287,15,5831.85
330,113,7,3,3287,10,8874.9
331,113,2,3,28289,30,59406.9
332,114,27,2,4619,20,7390.4
333,114,34,1,3273,10,2945.7
334,115,38,3,1952,20,4684.8
335,115,3,3,21395,20,51348.0
336,115,30,1,4815,20,3852.0
337,115,1,2,93810,0,187620.0
338,115,20,1,44245,5,42032.75
339,116,33,2,304,20,486.4
340,117,6,3,2778,0,8334.0
341,117,36,1,1140,5,1083.0
342,118,37,3,388,10,1047.6
343,118,18,1,10331,5,9814.45
344,118,45,2,42423,20,67876.8
345,119,33,2,304,20,486.4
346,119,25,1,826,30,578.2
347,119,3,1,21395,20,17116.0
348,119,11,3,570,20,1368.0
349,120,24,1,2287,15,1943.95
350,120,28,3,2376,30,4989.6
351,120,27,2,4619,20,7390.4
352,120,10,2,3600,0,7200.0
353,121,18,1,10331,5,9814.45
354,121,19,1,38093,0,38093.0
355,122,30,1,4815,20,3852.0
356,123,42,3,5471,0,16413.0
357,123,35,2,945,0,1890.0
358,123,48,1,1006,0,1006.0
359,123,45,1,42423,20,33938.4
360,123,29,3,6073,0,18219.0
361,124,16,3,35087,5,99997.95
362,125,3,2,21395,20,34232.0
363,126,1,2,93810,0,187620.0
364,126,20,2,44245,5,84065.5
365,127,22,2,2499,20,3998.4
366,127,33,1,304,20,243.2
367,127,18,1,10331,5,9814.45
368,128,29,1,6073,0,6073.0
369,128,12,2,433,10,779.4
370,129,10,3,3600,0,10800.0
371,129,48,2,1006,0,2012.0
372,129,30,2,4815,20,7704.0
373,130,3,1,21395,20,17116.0
374,131,15,1,899,30,629.3
375,132,7,3,3287,10,8874.9
376,132,22,3,2499,20,5997.6
377,133,16,2,35087,5,66665.3
378,133,27,2,4619,20,7390.4
379,134,45,3,42423,20,101815.2
380,134,1,2,93810,0,187620.0
381,134,31,3,2744,30,5762.4
382,134,37,1,388,10,349.2
383,135,25,2,826,30,1156.4
384,135,22,1,2499,20,1999.2
385,135,32,1,1623,20,1298.4
386,136,37,2,388,10,698.4
387,136,33,2,304,20,486.4
388,136,35,2,945,0,1890.0
389,136,38,2,1952,20,3123.2
390,137,24,2,2287,15,3887.9
391,137,3,3,21395,20,51348.0
392,137,19,1,38093,0,38093.0
393,137,33,1,304,20,243.2
394,138,28,3,2376,30,4989.6
395,138,50,3,3656,5,10419.6
396,139,27,1,4619,20,3695.2
397,140,30,2,4815,20,7704.0
398,141,24,2,2287,15,3887.9
399,141,13,3,303,15,772.65
400,141,30,3,4815,20,11556.0
401,141,5,2,95181,30,133253.4
402,141,19,1,38093,0,38093.0
403,142,49,2,1095,5,2080.5
404,142,29,2,6073,0,12146.0
405,142,3,3,21395,20,51348.0
406,142,20,1,44245,5,42032.75
407,142,31,3,2744,30,5762.4
408,143,33,2,304,20,486.4
409,143,29,2,6073,0,12146.0
410,144,44,2,36812,5,69942.8
411,145,9,1,2666,0,2666.0
412,145,4,1,40495,20,32396.0
413,145,41,2,27156,0,54312.0
414,145,29,3,6073,0,18219.0
415,146,39,1,688,15,584.8
416,146,16,3,35087,5,99997.95
417,146,31,3,2744,30,5762.4
418,147,35,3,945,0,2835.0
419,147,11,3,570,20,1368.0
420,147,38,3,1952,20,4684.8
421,147,4,3,40495,20,97188.0
422,147,2,1,28289,30,19802.3
423,148,16,3,35087,5,99997.95
424,148,17,3,76000,5,216600.0
425,148,9,3,2666,0,7998.0
426,149,14,1,366,10,329.4
427,149,29,2,6073,0,12146.0
428,149,32,3,1623,20,3895.2
429,149,38,3,1952,20,4684.8
430,149,9,1,2666,0,2666.0
431,150,29,2,6073,0,12146.0
432,150,3,3,21395,20,51348.0
433,150,34,3,3273,10,8837.1
434,150,2,3,28289,30,59406.9
435,151,21,1,2833,15,2408.05
436,151,27,3,4619,20,11085.6
437,151,28,3,2376,30,4989.6
438,151,6,1,2778,0,2778.0
439,152,44,3,36812,5,104914.2
440,153,6,3,2778,0,8334.0
441,153,1,2,93810,0,187620.0
442,154,26,1,1540,15,1309.0
443,154,34,1,3273,10,2945.7
444,154,25,2,826,30,1156.4
445,154,43,2,7058,10,12704.4
446,155,14,2,366,10,658.8
447,155,50,2,3656,5,6946.4
448,156,8,3,1337,0,4011.0
449,157,3,3,21395,20,51348.0
450,157,26,3,1540,15,3927.0
451,158,23,2,2590,15,4403.0
452,158,25,1,826,30,578.2
453,158,1,1,93810,0,93810.0
454,158,42,2,5471,0,10942.0
455,159,42,3,5471,0,16413.0
456,159,29,2,6073,0,12146.0
457,159,23,1,2590,15,2201.5
458,159,34,2,3273,10,5891.4
459,160,21,2,2833,15,4816.1
460,160,36,1,1140,5,1083.0
461,160,45,2,42423,20,67876.8
462,160,9,3,2666,0,7998.0
463,161,46,1,3534,5,3357.3
464,162,29,2,6073,0,12146.0
465,162,30,1,4815,20,3852.0
466,162,16,3,35087,5,99997.95
467,162,26,3,1540,15,3927.0
468,163,33,1,304,20,243.2
469,164,3,3,21395,20,51348.0
470,164,15,3,899,30,1887.9
471,164,6,2,2778,0,5556.0
472,164,39,3,688,15,1754.4
473,164,18,3,10331,5,29443.35
474,165,5,3,95181,30,199880.1
475,165,26,3,1540,15,3927.0
476,166,30,2,4815,20,7704.0
477,166,29,2,6073,0,12146.0
478,166,8,1,1337,0,1337.0
479,166,48,1,1006,0,1006.0
480,167,38,2,1952,20,3123.2
481,167,10,3,3600,0,10800.0
482,167,8,3,1337,0,4011.0
483,167,12,3,433,10,1169.1
484,168,22,3,2499,20,5997.6
485,168,34,3,3273,10,8837.1
486,168,8,2,1337,0,2674.0
487,168,26,3,1540,15,3927.0
488,169,18,1,10331,5,9814.45
489,169,27,1,4619,20,3695.2
490,169,11,3,570,20,1368.0
491,169,6,1,2778,0,2778.0
492,170,44,2,36812,5,69942.8
493,171,35,3,945,0,2835.0
494,171,20,2,44245,5,84065.5
495,171,10,3,3600,0,10800.0
496,172,45,2,42423,20,67876.8
497,172,8,3,1337,0,4011.0
498,172,32,1,1623,20,1298.4
499,172,42,1,5471,0,5471.0
500,172,1,1,93810,0,93810.0
501,173,27,1,4619,20,3695.2
502,173,25,3,826,30,1734.6
503,173,39,3,688,15,1754.4
504,173,49,3,1095,5,3120.75
505,174,10,1,3600,0,3600.0
506,174,47,2,3669,15,6237.3
507,174,26,3,1540,15,3927.0
508,174,29,1,6073,0,6073.0
509,175,6,1,2778,0,2778.0
510,175,28,2,2376,30,3326.4
511,176,12,2,433,10,779.4
512,176,44,1,36812,5,34971.4
513,177,23,1,2590,15,2201.5
514,177,43,2,7058,10,12704.4
515,177,46,1,3534,5,3357.3
516,178,16,1,35087,5,33332.65
517,178,37,2,388,10,698.4
518,178,13,2,303,15,515.1
519,178,6,3,2778,0,8334.0
520,178,39,3,688,15,1754.4
521,179,20,1,44245,5,42032.75
522,179,6,2,2778,0,5556.0
523,179,19,1,38093,0,38093.0
524,179,48,3,1006,0,3018.0
525,179,17,3,76000,5,216600.0
526,180,9,3,2666,0,7998.0
527,181,30,3,4815,20,11556.0
528,181,13,2,303,15,515.1
529,181,50,3,3656,5,10419.6
530,181,48,1,1006,0,1006.0
531,182,29,1,6073,0,6073.0
532,182,20,3,44245,5,126098.25
533,182,36,1,1140,5,1083.0
534,182,26,1,1540,15,1309.0
535,182,39,2,688,15,1169.6
536,183,12,3,433,10,1169.1
537,183,10,2,3600,0,7200.0
538,183,41,3,27156,0,81468.0
539,183,39,2,688,15,1169.6
540,183,38,2,1952,20,3123.2
541,184,2,3,28289,30,59406.9
542,184,30,1,4815,20,3852.0
543,184,24,2,2287,15,3887.9
544,184,32,2,1623,20,2596.8
545,184,35,2,945,0,1890.0
546,185,30,2,4815,20,7704.0
547,185,19,1,38093,0,38093.0
548,185,6,1,2778,0,2778.0
549,186,29,3,6073,0,18219.0
550,186,41,3,27156,0,81468.0
551,186,15,3,899,30,1887.9
552,186,11,3,570,20,1368.0
553,187,13,3,303,15,772.65
554,187,3,3,21395,20,51348.0
555,187,27,2,4619,20,7390.4
556,188,16,3,35087,5,99997.95
557,188,37,1,388,10,349.2
558,188,39,1,688,15,584.8
559,188,45,1,42423,20,33938.4
560,188,28,3,2376,30,4989.6
561,189,44,3,36812,5,104914.2
562,189,6,2,2778,0,5556.0
563,189,3,3,21395,20,51348.0
564,190,20,3,44245,5,126098.25
565,190,14,3,366,10,988.2
566,191,7,3,3287,10,8874.9
567,191,29,3,6073,0,18219.0
568,192,19,3,38093,0,114279.0
569,192,7,1,3287,10,2958.3
570,192,27,2,4619,20,7390.4
571,193,27,2,4619,20,7390.4
572,193,17,3,76000,5,216600.0
573,193,1,3,93810,0,281430.0
574,193,43,3,7058,10,19056.6
575,193,5,3,95181,30,199880.1
576,194,10,3,3600,0,10800.0
577,194,8,3,1337,0,4011.0
578,194,9,3,2666,0,7998.0
579,194,27,2,4619,20,7390.4
580,195,16,1,35087,5,33332.65
581,195,31,3,2744,30,5762.4
582,195,40,1,1892,20,1513.6
583,195,29,1,6073,0,6073.0
584,196,11,1,570,20,456.0
585,196,28,1,2376,30,1663.2
586,196,45,3,42423,20,101815.2
587,196,43,1,7058,10,6352.2
588,197,25,2,826,30,1156.4
589,197,38,1,1952,20,1561.6
590,198,25,3,826,30,1734.6
591,198,7,2,3287,10,5916.6
592,198,36,1,1140,5,1083.0
593,199,25,3,826,30,1734.6
594,200,44,1,36812,5,34971.4
595,200,14,3,366,10,988.2
596,200,15,1,899,30,629.3
597,201,42,2,5471,0,10942.0
598,201,1,1,93810,0,93810.0
599,201,7,3,3287,10,8874.9
600,202,27,1,4619,20,3695.2
601,202,44,3,36812,5,104914.2
602,202,6,3,2778,0,8334.0
603,202,18,3,10331,5,29443.35
604,202,25,2,826,30,1156.4
605,203,17,3,76000,5,216600.0
606,203,10,3,3600,0,10800.0
607,204,50,3,3656,5,10419.6
608,204,42,3,5471,0,16413.0
609,204,43,1,7058,10,6352.2
610,205,4,2,40495,20,64792.0
611,205,15,2,899,30,1258.6
612,205,26,3,1540,15,3927.0
613,205,43,2,7058,10,12704.4
614,206,43,1,7058,10,6352.2
615,206,48,1,1006,0,1006.0
616,206,16,3,35087,5,99997.95
617,206,3,2,21395,20,34232.0
618,206,44,1,36812,5,34971.4
619,207,35,2,945,0,1890.0
620,207,38,1,1952,20,1561.6
621,207,43,3,7058,10,19056.6
622,207,26,3,1540,15,3927.0
623,207,14,3,366,10,988.2
624,208,4,3,40495,20,97188.0
625,208,47,3,3669,15,9355.95
626,208,24,3,2287,15,5831.85
627,209,28,1,2376,30,1663.2
628,209,20,3,44245,5,126098.25
629,209,13,1,303,15,257.55
630,209,43,2,7058,10,12704.4
631,209,14,2,366,10,658.8
632,210,21,3,2833,15,7224.15
633,210,46,1,3534,5,3357.3
634,211,23,1,2590,15,2201.5
635,211,19,3,38093,0,114279.0
636,212,45,1,42423,20,33938.4
637,212,47,2,3669,15,6237.3
638,212,41,1,27156,0,27156.0
639,212,46,2,3534,5,6714.6
640,212,20,2,44245,5,84065.5
641,213,8,2,1337,0,2674.0
642,213,6,1,2778,0,2778.0
643,213,2,1,28289,30,19802.3
644,213,26,3,1540,15,3927.0
645,213,31,2,2744,30,3841.6
646,214,25,2,826,30,1156.4
647,215,34,3,3273,10,8837.1
648,215,25,1,826,30,578.2
649,215,15,1,899,30,629.3
650,215,13,1,303,15,257.55
651,216,31,3,2744,30,5762.4
652,216,37,1,388,10,349.2
653,216,8,3,1337,0,4011.0
654,217,48,3,1006,0,3018.0
655,217,20,2,44245,5,84065.5
656,217,28,2,2376,30,3326.4
657,217,18,3,10331,5,29443.35
658,217,50,3,3656,5,10419.6
659,218,48,1,1006,0,1006.0
660,218,11,3,570,20,1368.0
661,218,43,2,7058,10,12704.4
662,219,35,1,945,0,945.0
663,219,28,1,2376,30,1663.2
664,219,27,3,4619,20,11085.6
665,219,18,1,10331,5,9814.45
666,219,36,3,1140,5,3249.0
667,220,21,2,2833,15,4816.1
668,220,28,3,2376,30,4989.6
669,221,2,2,28289,30,39604.6
670,221,13,1,303,15,257.55
671,221,22,2,2499,20,3998.4
672,221,27,1,4619,20,3695.2
673,221,42,1,5471,0,5471.0
674,222,45,2,42423,20,67876.8
675,222,11,2,570,20,912.0
676,222,21,2,2833,15,4816.1
677,223,46,3,3534,5,10071.9
678,223,49,3,1095,5,3120.75
679,224,17,3,76000,5,216600.0
680,224,21,3,2833,15,7224.15
681,224,27,1,4619,20,3695.2
682,224,32,1,1623,20,1298.4
683,225,20,2,44245,5,84065.5
684,225,50,1,3656,5,3473.2
685,225,3,3,21395,20,51348.0
686,226,20,3,44245,5,126098.25
687,226,27,1,4619,20,3695.2
688,226,21,1,2833,15,2408.05
689,226,35,3,945,0,2835.0
690,226,36,2,1140,5,2166.0
691,227,32,1,1623,20,1298.4
692,227,46,2,3534,5,6714.6
693,227,38,2,1952,20,3123.2
694,227,37,3,388,10,1047.6
695,228,26,1,1540,15,1309.0
696,228,50,3,3656,5,10419.6
697,228,23,2,2590,15,4403.0
698,229,42,3,5471,0,16413.0
699,229,37,2,388,10,698.4
700,229,49,2,1095,5,2080.5
701,229,12,1,433,10,389.7
702,229,34,2,3273,10,5891.4
703,230,22,2,2499,20,3998.4
704,230,14,3,366,10,988.2
705,231,46,1,3534,5,3357.3
706,232,38,3,1952,20,4684.8
707,232,18,3,10331,5,29443.35
708,233,50,3,3656,5,10419.6
709,234,21,1,2833,15,2408.05
710,235,7,3,3287,10,8874.9
711,235,30,2,4815,20,7704.0
712,236,50,1,3656,5,3473.2
713,237,39,3,688,15,1754.4
714,237,20,3,44245,5,126098.25
715,237,28,2,2376,30,3326.4
716,237,12,3,433,10,1169.1
717,237,13,1,303,15,257.55
718,238,23,1,2590,15,2201.5
719,238,30,2,4815,20,7704.0
720,239,14,1,366,10,329.4
721,239,12,1,433,10,389.7
722,239,8,1,1337,0,1337.0
723,240,18,1,10331,5,9814.45
724,241,34,3,3273,10,8837.1
725,241,21,1,2833,15,2408.05
726,241,38,3,1952,20,4684.8
727,242,15,2,899,30,1258.6
728,242,13,2,303,15,515.1
729,243,44,2,36812,5,69942.8
730,243,3,3,21395,20,51348.0
731,243,29,2,6073,0,12146.0
732,243,1,2,93810,0,187620.0
733,244,2,1,28289,30,19802.3
734,244,31,2,2744,30,3841.6
735,244,30,3,4815,20,11556.0
736,245,11,3,570,20,1368.0
737,246,30,3,4815,20,11556.0
738,247,22,1,2499,20,1999.2
739,247,43,3,7058,10,19056.6
740,247,19,3,38093,0,114279.0
741,247,28,1,2376,30,1663.2
742,247,24,3,2287,15,5831.85
743,248,35,2,945,0,1890.0
744,249,39,1,688,15,584.8
745,249,2,2,28289,30,39604.6
746,249,30,3,4815,20,11556.0
747,249,22,2,2499,20,3998.4
748,249,16,3,35087,5,99997.95
749,250,37,2,388,10,698.4
750,251,22,2,2499,20,3998.4
751,251,30,2,4815,20,7704.0
752,251,5,3,95181,30,199880.1
753,251,43,1,7058,10,6352.2
754,252,46,1,3534,5,3357.3
755,252,31,3,2744,30,5762.4
756,252,21,1,2833,15,2408.05
757,252,24,1,2287,15,1943.95
758,253,4,3,40495,20,97188.0
759,253,38,2,1952,20,3123.2
760,253,23,3,2590,15,6604.5
761,253,1,1,93810,0,93810.0
762,254,46,3,3534,5,10071.9
763,254,43,3,7058,10,19056.6
764,254,4,3,40495,20,97188.0
765,255,39,1,688,15,584.8
766,255,28,3,2376,30,4989.6
767,255,10,3,3600,0,10800.0
768,256,15,1,899,30,629.3
769,256,40,1,1892,20,1513.6
770,257,40,3,1892,20,4540.8
771,258,46,2,3534,5,6714.6
772,258,3,3,21395,20,51348.0
773,258,28,3,2376,30,4989.6
774,258,5,1,95181,30,66626.7
775,258,41,2,27156,0,54312.0
776,259,11,3,570,20,1368.0
777,259,9,3,2666,0,7998.0
778,260,24,1,2287,15,1943.95
779,260,14,2,366,10,658.8
780,260,6,3,2778,0,8334.0
781,261,30,1,4815,20,3852.0
782,261,48,1,1006,0,1006.0
783,261,2,1,28289,30,19802.3
784,261,8,1,1337,0,1337.0
785,261,26,3,1540,15,3927.0
786,262,39,1,688,15,584.8
787,262,24,1,2287,15,1943.95
788,262,41,1,27156,0,27156.0
789,263,35,1,945,0,945.0
790,263,21,3,2833,15,7224.15
791,263,41,2,27156,0,54312.0
792,263,4,3,40495,20,97188.0
793,263,36,3,1140,5,3249.0
794,264,37,2,388,10,698.4
795,265,44,2,36812,5,69942.8
796,266,14,1,366,10,329.4
797,267,9,2,2666,0,5332.0
798,267,46,2,3534,5,6714.6
799,267,2,2,28289,30,39604.6
800,267,45,1,42423,20,33938.4
801,267,28,3,2376,30,4989.6
802,268,16,1,35087,5,33332.65
803,268,17,2,76000,5,144400.0
804,269,46,1,3534,5,3357.3
805,269,28,1,2376,30,1663.2
806,269,11,2,570,20,912.0
807,269,20,2,44245,5,84065.5
808,269,2,2,28289,30,39604.6
809,270,23,3,2590,15,6604.5
810,270,12,3,433,10,1169.1
811,270,26,2,1540,15,2618.0
812,271,40,1,1892,20,1513.6
813,271,38,3,1952,20,4684.8
814,271,31,3,2744,30,5762.4
815,271,4,2,40495,20,64792.0
816,271,5,2,95181,30,133253.4
817,272,2,1,28289,30,19802.3
818,272,28,1,2376,30,1663.2
819,272,18,2,10331,5,19628.9
820,272,49,1,1095,5,1040.25
821,273,14,3,366,10,988.2
822,273,8,3,1337,0,4011.0
823,274,2,2,28289,30,39604.6
824,274,30,2,4815,20,7704.0
825,274,28,1,2376,30,1663.2
826,274,11,3,570,20,1368.0
827,275,43,2,7058,10,12704.4
828,275,42,2,5471,0,10942.0
829,275,40,2,1892,20,3027.2
830,276,31,2,2744,30,3841.6
831,276,43,2,7058,10,12704.4
832,276,49,3,1095,5,3120.75
833,277,35,1,945,0,945.0
834,278,36,1,1140,5,1083.0
835,278,1,2,93810,0,187620.0
836,278,15,1,899,30,629.3
837,278,48,3,1006,0,3018.0
838,278,44,1,36812,5,34971.4
839,279,12,3,433,10,1169.1
840,279,29,3,6073,0,18219.0
841,279,44,1,36812,5,34971.4
842,280,20,1,44245,5,42032.75
843,281,47,3,3669,15,9355.95
844,281,6,1,2778,0,2778.0
845,281,12,3,433,10,1169.1
846,281,19,3,38093,0,114279.0
847,281,16,2,35087,5,66665.3
848,282,23,1,2590,15,2201.5
849,282,27,1,4619,20,3695.2
850,282,41,3,27156,0,81468.0
851,282,28,2,2376,30,3326.4
852,282,35,3,945,0,2835.0
853,283,26,2,1540,15,2618.0
854,283,24,3,2287,15,5831.85
855,283,41,1,27156,0,27156.0
856,283,29,2,6073,0,12146.0
857,283,20,2,44245,5,84065.5
858,284,22,3,2499,20,5997.6
859,284,10,3,3600,0,10800.0
860,285,9,1,2666,0,2666.0
861,285,24,2,2287,15,3887.9
862,285,38,3,1952,20,4684.8
863,286,50,1,3656,5,3473.2
864,286,37,2,388,10,698.4
865,286,39,2,688,15,1169.6
866,286,4,3,40495,20,97188.0
867,286,45,1,42423,20,33938.4
868,287,48,3,1006,0,3018.0
869,287,8,3,1337,0,4011.0
870,288,41,3,27156,0,81468.0
871,288,37,1,388,10,349.2
872,289,1,1,93810,0,93810.0
873,289,16,1,35087,5,33332.65
874,289,29,3,6073,0,18219.0
875,289,41,3,27156,0,81468.0
876,290,1,3,93810,0,281430.0
877,290,21,3,2833,15,7224.15
878,291,43,2,7058,10,12704.4
879,291,25,1,826,30,578.2
880,291,37,1,388,10,349.2
881,291,35,2,945,0,1890.0
882,292,41,1,27156,0,27156.0
883,292,21,2,2833,15,4816.1
884,293,5,1,95181,30,66626.7
885,293,12,1,433,10,389.7
886,293,35,3,945,0,2835.0
887,294,15,3,899,30,1887.9
888,294,19,2,38093,0,76186.0
889,295,20,2,44245,5,84065.5
890,295,49,2,1095,5,2080.5
891,295,34,1,3273,10,2945.7
892,295,5,1,95181,30,66626.7
893,296,4,1,40495,20,32396.0
894,296,47,3,3669,15,9355.95
895,296,39,3,688,15,1754.4
896,297,17,3,76000,5,216600.0
897,297,16,2,35087,5,66665.3
898,297,3,3,21395,20,51348.0
899,298,9,3,2666,0,7998.0
900,298,25,1,826,30,578.2
901,298,10,2,3600,0,7200.0
902,298,48,3,1006,0,3018.0
903,298,33,2,304,20,486.4
904,299,27,3,4619,20,11085.6
905,299,45,3,42423,20,101815.2
906,299,19,1,38093,0,38093.0
907,300,11,2,570,20,912.0
908,300,41,2,27156,0,54312.0
909,300,27,1,4619,20,3695.2
910,300,18,3,10331,5,29443.35
911,300,32,2,1623,20,2596.8
912,301,32,2,1623,20,2596.8
913,301,23,2,2590,15,4403.0
914,301,18,2,10331,5,19628.9
915,302,14,1,366,10,329.4
916,302,37,3,388,10,1047.6
917,302,12,1,433,10,389.7
918,302,17,2,76000,5,144400.0
919,302,21,1,2833,15,2408.05
920,303,17,1,76000,5,72200.0
921,303,21,3,2833,15,7224.15
922,304,14,1,366,10,329.4
923,304,32,1,1623,20,1298.4
924,304,24,1,2287,15,1943.95
925,305,29,2,6073,0,12146.0
926,305,35,3,945,0,2835.0
927,306,1,3,93810,0,281430.0
928,307,12,2,433,10,779.4
929,307,41,2,27156,0,54312.0
930,308,23,2,2590,15,4403.0
931,309,49,2,1095,5,2080.5
932,309,35,1,945,0,945.0
933,309,50,3,3656,5,10419.6
934,309,29,1,6073,0,6073.0
935,310,10,1,3600,0,3600.0
936,310,23,1,2590,15,2201.5
937,310,29,1,6073,0,6073.0
938,310,30,1,4815,20,3852.0
939,311,31,3,2744,30,5762.4
940,311,39,1,688,15,584.8
941,311,21,1,2833,15,2408.05
942,311,41,3,27156,0,81468.0
943,311,35,3,945,0,2835.0
944,312,24,3,2287,15,5831.85
945,313,38,1,1952,20,1561.6
946,313,44,1,36812,5,34971.4
947,314,28,1,2376,30,1663.2
948,314,11,3,570,20,1368.0
949,314,41,2,27156,0,54312.0
950,315,26,3,1540,15,3927.0
951,315,48,3,1006,0,3018.0
952,315,1,1,93810,0,93810.0
953,315,42,3,5471,0,16413.0
954,315,29,3,6073,0,18219.0
955,316,3,1,21395,20,17116.0
956,316,32,1,1623,20,1298.4
957,316,29,2,6073,0,12146.0
958,317,47,2,3669,15,6237.3
959,317,46,2,3534,5,6714.6
960,317,49,1,1095,5,1040.25
961,317,22,1,2499,20,1999.2
962,317,5,2,95181,30,133253.4
963,318,43,1,7058,10,6352.2
964,318,15,3,899,30,1887.9
965,318,16,1,35087,5,33332.65
966,318,33,3,304,20,729.6
967,318,1,3,93810,0,281430.0
968,319,14,2,366,10,658.8
969,319,42,1,5471,0,5471.0
970,319,48,3,1006,0,3018.0
971,319,38,3,1952,20,4684.8
972,319,27,2,4619,20,7390.4
973,320,32,3,1623,20,3895.2
974,320,3,3,21395,20,51348.0
975,320,21,1,2833,15,2408.05
976,320,9,1,2666,0,2666.0
977,321,16,2,35087,5,66665.3
978,321,41,1,27156,0,27156.0
979,321,18,1,10331,5,9814.45
980,321,25,1,826,30,578.2
981,322,18,3,10331,5,29443.35
982,322,23,3,2590,15,6604.5
983,323,37,1,388,10,349.2
984,323,48,3,1006,0,3018.0
985,323,40,1,1892,20,1513.6
986,323,39,1,688,15,584.8
987,324,3,3,21395,20,51348.0
988,324,7,3,3287,10,8874.9
989,324,18,1,10331,5,9814.45
990,324,32,3,1623,20,3895.2
991,325,14,1,366,10,329.4
992,325,9,1,2666,0,2666.0
993,325,33,2,304,20,486.4
994,325,4,3,40495,20,97188.0
995,325,2,1,28289,30,19802.3
996,326,2,3,28289,30,59406.9
997,326,32,1,1623,20,1298.4
998,326,20,3,44245,5,126098.25
999,326,33,3,304,20,729.6
1000,326,29,2,6073,0,12146.0
1001,327,45,2,42423,20,67876.8
1002,327,6,2,2778,0,5556.0
1003,327,31,1,2744,30,1920.8
1004,327,16,3,35087,5,99997.95
1005,327,3,3,21395,20,51348.0
1006,328,43,1,7058,10,6352.2
1007,328,48,2,1006,0,2012.0
1008,328,7,2,3287,10,5916.6
1009,328,24,2,2287,15,3887.9
1010,329,36,3,1140,5,3249.0
1011,329,41,3,27156,0,81468.0
1012,329,9,3,2666,0,7998.0
1013,329,7,1,3287,10,2958.3
1014,329,25,2,826,30,1156.4
1015,330,34,2,3273,10,5891.4
1016,330,44,2,36812,5,69942.8
1017,331,46,1,3534,5,3357.3
1018,331,50,2,3656,5,6946.4
1019,332,2,3,28289,30,59406.9
1020,332,35,2,945,0,1890.0
1021,332,47,2,3669,15,6237.3
1022,332,19,1,38093,0,38093.0
1023,332,22,1,2499,20,1999.2
1024,333,26,3,1540,15,3927.0
1025,334,26,1,1540,15,1309.0
1026,334,40,3,1892,20,4540.8
1027,334,30,1,4815,20,3852.0
1028,334,44,2,36812,5,69942.8
1029,334,11,3,570,20,1368.0
1030,335,41,3,27156,0,81468.0
1031,335,42,2,5471,0,10942.0
1032,336,14,2,366,10,658.8
1033,336,20,1,44245,5,42032.75
1034,336,12,1,433,10,389.7
1035,336,25,2,826,30,1156.4
1036,337,43,2,7058,10,12704.4
1037,337,7,2,3287,10,5916.6
1038,337,44,3,36812,5,104914.2
1039,337,29,2,6073,0,12146.0
1040,337,35,3,945,0,2835.0
1041,338,10,3,3600,0,10800.0
1042,338,8,2,1337,0,2674.0
1043,338,33,3,304,20,729.6
1044,339,39,1,688,15,584.8
1045,339,37,2,388,10,698.4
1046,339,38,3,1952,20,4684.8
1047,339,9,3,2666,0,7998.0
1048,340,10,1,3600,0,3600.0
1049,340,26,2,1540,15,2618.0
1050,340,14,3,366,10,988.2
1051,340,49,3,1095,5,3120.75
1052,341,50,2,3656,5,6946.4
1053,341,21,2,2833,15,4816.1
1054,341,45,3,42423,20,101815.2
1055,341,48,2,1006,0,2012.0
1056,342,37,3,388,10,1047.6
1057,342,47,1,3669,15,3118.65
1058,342,33,3,304,20,729.6
1059,342,11,1,570,20,456.0
1060,343,22,2,2499,20,3998.4
1061,343,49,3,1095,5,3120.75
1062,344,45,1,42423,20,33938.4
1063,344,2,1,28289,30,19802.3
1064,345,33,2,304,20,486.4
1065,345,15,2,899,30,1258.6
1066,345,2,3,28289,30,59406.9
1067,345,22,3,2499,20,5997.6
1068,345,29,3,6073,0,18219.0
1069,346,14,1,366,10,329.4
1070,347,30,3,4815,20,11556.0
1071,347,34,1,3273,10,2945.7
1072,347,17,1,76000,5,72200.0
1073,347,25,1,826,30,578.2
1074,348,25,3,826,30,1734.6
1075,348,4,2,40495,20,64792.0
1076,348,10,1,3600,0,3600.0
1077,348,30,1,4815,20,3852.0
1078,349,25,1,826,30,578.2
1079,349,8,2,1337,0,2674.0
1080,349,15,1,899,30,629.3
1081,350,15,1,899,30,629.3
1082,350,44,3,36812,5,104914.2
1083,350,37,2,388,10,698.4
1084,350,22,2,2499,20,3998.4
1085,350,34,3,3273,10,8837.1
1086,351,47,2,3669,15,6237.3
1087,351,50,3,3656,5,10419.6
1088,351,26,3,1540,15,3927.0
1089,351,15,1,899,30,629.3
1090,351,9,1,2666,0,2666.0
1091,352,11,2,570,20,912.0
1092,352,23,1,2590,15,2201.5
1093,352,20,1,44245,5,42032.75
1094,352,39,3,688,15,1754.4
1095,353,15,2,899,30,1258.6
1096,353,10,1,3600,0,3600.0
1097,353,43,1,7058,10,6352.2
1098,353,14,3,366,10,988.2
1099,353,18,3,10331,5,29443.35
1100,354,39,3,688,15,1754.4
1101,354,16,1,35087,5,33332.65
1102,354,20,3,44245,5,126098.25
1103,354,37,1,388,10,349.2
1104,354,43,3,7058,10,19056.6
1105,355,31,2,2744,30,3841.6
1106,356,50,3,3656,5,10419.6
1107,356,21,1,2833,15,2408.05
1108,357,15,1,899,30,629.3
1109,357,17,2,76000,5,144400.0
1110,358,49,2,1095,5,2080.5
1111,358,45,3,42423,20,101815.2
1112,358,12,2,433,10,779.4
1113,358,39,2,688,15,1169.6
1114,359,6,1,2778,0,2778.0
1115,359,48,3,1006,0,3018.0
1116,359,27,1,4619,20,3695.2
1117,359,22,3,2499,20,5997.6
1118,359,8,3,1337,0,4011.0
1119,360,8,1,1337,0,1337.0
1120,361,11,2,570,20,912.0
1121,361,14,3,366,10,988.2
1122,361,44,3,36812,5,104914.2
1123,361,39,3,688,15,1754.4
1124,361,45,2,42423,20,67876.8
1125,362,26,2,1540,15,2618.0
1126,362,8,1,1337,0,1337.0
1127,362,6,3,2778,0,8334.0
1128,363,18,2,10331,5,19628.9
1129,363,16,2,35087,5,66665.3
1130,364,24,1,2287,15,1943.95
1131,364,21,2,2833,15,4816.1
1132,364,2,1,28289,30,19802.3
1133,364,34,2,3273,10,5891.4
1134,364,4,3,40495,20,97188.0
1135,365,45,3,42423,20,101815.2
1136,366,34,3,3273,10,8837.1
1137,367,5,2,95181,30,133253.4
1138,367,49,1,1095,5,1040.25
1139,367,16,3,35087,5,99997.95
1140,368,44,3,36812,5,104914.2
1141,368,34,3,3273,10,8837.1
1142,368,1,2,93810,0,187620.0
1143,369,19,2,38093,0,76186.0
1144,369,38,3,1952,20,4684.8
1145,369,11,2,570,20,912.0
1146,369,9,1,2666,0,2666.0
1147,370,10,2,3600,0,7200.0
1148,370,8,3,1337,0,4011.0
1149,370,24,2,2287,15,3887.9
1150,371,35,1,945,0,945.0
1151,371,1,2,93810,0,187620.0
1152,371,8,1,1337,0,1337.0
1153,371,25,2,826,30,1156.4
1154,371,2,1,28289,30,19802.3
1155,372,14,3,366,10,988.2
1156,372,24,1,2287,15,1943.95
1157,372,16,3,35087,5,99997.95
1158,372,34,3,3273,10,8837.1
1159,373,26,2,1540,15,2618.0
1160,373,22,2,2499,20,3998.4
1161,374,13,3,303,15,772.65
1162,374,30,3,4815,20,11556.0
1163,374,38,1,1952,20,1561.6
1164,375,25,1,826,30,578.2
1165,375,33,2,304,20,486.4
1166,375,11,1,570,20,456.0
1167,376,39,3,688,15,1754.4
1168,376,50,3,3656,5,10419.6
1169,376,40,2,1892,20,3027.2
1170,376,21,1,2833,15,2408.05
1171,377,30,1,4815,20,3852.0
1172,377,24,2,2287,15,3887.9
1173,377,25,2,826,30,1156.4
1174,377,33,2,304,20,486.4
1175,377,13,1,303,15,257.55
1176,378,34,2,3273,10,5891.4
1177,378,27,1,4619,20,3695.2
1178,378,9,3,2666,0,7998.0
1179,378,45,3,42423,20,101815.2
1180,378,1,1,93810,0,93810.0
1181,379,5,3,95181,30,199880.1
1182,379,22,1,2499,20,1999.2
1183,379,18,1,10331,5,9814.45
1184,379,30,3,4815,20,11556.0
1185,380,10,2,3600,0,7200.0
1186,380,29,1,6073,0,6073.0
1187,381,43,1,7058,10,6352.2
1188,381,16,1,35087,5,33332.65
1189,382,21,2,2833,15,4816.1
1190,382,5,1,95181,30,66626.7
1191,382,23,1,2590,15,2201.5
1192,382,36,1,1140,5,1083.0
1193,382,46,1,3534,5,3357.3
1194,383,37,3,388,10,1047.6
1195,383,10,1,3600,0,3600.0
1196,383,35,3,945,0,2835.0
1197,383,39,1,688,15,584.8
1198,384,7,2,3287,10,5916.6
1199,384,34,3,3273,10,8837.1
1200,384,27,2,4619,20,7390.4
1201,384,41,2,27156,0,54312.0
1202,385,7,2,3287,10,5916.6
1203,385,32,2,1623,20,2596.8
1204,385,12,1,433,10,389.7
1205,385,17,3,76000,5,216600.0
1206,385,34,2,3273,10,5891.4
1207,386,43,1,7058,10,6352.2
1208,386,35,3,945,0,2835.0
1209,386,50,1,3656,5,3473.2
1210,386,36,1,1140,5,1083.0
1211,387,11,2,570,20,912.0
1212,387,35,2,945,0,1890.0
1213,387,38,3,1952,20,4684.8
1214,387,5,1,95181,30,66626.7
1215,387,26,3,1540,15,3927.0
1216,388,24,2,2287,15,3887.9
1217,388,23,3,2590,15,6604.5
1218,388,3,1,21395,20,17116.0
1219,389,20,1,44245,5,42032.75
1220,389,31,3,2744,30,5762.4
1221,389,49,3,1095,5,3120.75
1222,389,47,2,3669,15,6237.3
1223,390,48,3,1006,0,3018.0
1224,390,27,1,4619,20,3695.2
1225,390,34,1,3273,10,2945.7
1226,391,5,2,95181,30,133253.4
1227,391,45,3,42423,20,101815.2
1228,392,41,2,27156,0,54312.0
1229,393,31,3,2744,30,5762.4
1230,393,5,2,95181,30,133253.4
1231,393,28,1,2376,30,1663.2
1232,394,1,2,93810,0,187620.0
1233,394,18,1,10331,5,9814.45
1234,394,36,2,1140,5,2166.0
1235,394,27,2,4619,20,7390.4
1236,394,34,3,3273,10,8837.1
1237,395,25,2,826,30,1156.4
1238,395,34,1,3273,10,2945.7
1239,395,11,2,570,20,912.0
1240,396,49,1,1095,5,1040.25
1241,396,10,2,3600,0,7200.0
1242,396,27,3,4619,20,11085.6
1243,396,7,2,3287,10,5916.6
1244,397,29,2,6073,0,12146.0
1245,397,20,2,44245,5,84065.5
1246,397,34,2,3273,10,5891.4
1247,398,9,3,2666,0,7998.0
1248,398,29,1,6073,0,6073.0
1249,399,17,3,76000,5,216600.0
1250,399,7,1,3287,10,2958.3
1251,399,22,1,2499,20,1999.2
1252,399,49,3,1095,5,3120.75
1253,399,36,2,1140,5,2166.0
1254,400,6,3,2778,0,8334.0
1255,400,48,2,1006,0,2012.0
1256,401,47,1,3669,15,3118.65
1257,401,49,1,1095,5,1040.25
1258,401,7,3,3287,10,8874.9
1259,401,28,1,2376,30,1663.2
1260,402,21,1,2833,15,2408.05
1261,402,35,1,945,0,945.0
1262,402,38,2,1952,20,3123.2
1263,402,42,2,5471,0,10942.0
1264,403,29,3,6073,0,18219.0
1265,403,10,3,3600,0,10800.0
1266,404,48,3,1006,0,3018.0
1267,404,35,2,945,0,1890.0
1268,404,44,2,36812,5,69942.8
1269,404,24,2,2287,15,3887.9
1270,404,17,2,76000,5,144400.0
1271,405,22,3,2499,20,5997.6
1272,405,45,1,42423,20,33938.4
1273,405,37,2,388,10,698.4
1274,405,17,1,76000,5,72200.0
1275,405,50,3,3656,5,10419.6
1276,406,31,1,2744,30,1920.8
1277,406,48,1,1006,0,1006.0
1278,407,34,2,3273,10,5891.4
1279,407,23,3,2590,15,6604.5
1280,407,44,1,36812,5,34971.4
1281,408,15,3,899,30,1887.9
1282,408,50,2,3656,5,6946.4
1283,408,41,2,27156,0,54312.0
1284,408,18,2,10331,5,19628.9
1285,409,37,3,388,10,1047.6
1286,409,25,3,826,30,1734.6
1287,409,20,2,44245,5,84065.5
1288,410,48,1,1006,0,1006.0
1289,410,44,2,36812,5,69942.8
1290,410,39,1,688,15,584.8
1291,411,2,3,28289,30,59406.9
1292,411,39,3,688,15,1754.4
1293,411,7,1,3287,10,2958.3
1294,412,5,3,95181,30,199880.1
1295,412,11,3,570,20,1368.0
1296,412,1,3,93810,0,281430.0
1297,412,20,3,44245,5,126098.25
1298,412,29,1,6073,0,6073.0
1299,413,30,2,4815,20,7704.0
1300,413,6,2,2778,0,5556.0
1301,413,5,3,95181,30,199880.1
1302,414,34,2,3273,10,5891.4
1303,414,15,3,899,30,1887.9
1304,414,35,2,945,0,1890.0
1305,414,30,1,4815,20,3852.0
1306,414,29,2,6073,0,12146.0
1307,415,29,2,6073,0,12146.0
1308,415,2,2,28289,30,39604.6
1309,415,36,3,1140,5,3249.0
1310,415,25,1,826,30,578.2
1311,415,43,1,7058,10,6352.2
1312,416,36,2,1140,5,2166.0
1313,416,31,3,2744,30,5762.4
1314,416,18,3,10331,5,29443.35
1315,417,4,2,40495,20,64792.0
1316,417,5,1,95181,30,66626.7
1317,417,1,1,93810,0,93810.0
1318,417,30,1,4815,20,3852.0
1319,417,45,2,42423,20,67876.8
1320,418,33,2,304,20,486.4
1321,418,48,2,1006,0,2012.0
1322,419,29,3,6073,0,18219.0
1323,419,13,2,303,15,515.1
1324,419,28,3,2376,30,4989.6
1325,420,29,2,6073,0,12146.0
1326,420,12,2,433,10,779.4
1327,420,8,2,1337,0,2674.0
1328,420,10,3,3600,0,10800.0
1329,421,19,3,38093,0,114279.0
1330,421,43,2,7058,10,12704.4
1331,421,36,2,1140,5,2166.0
1332,421,50,1,3656,5,3473.2
1333,421,35,1,945,0,945.0
1334,422,46,1,3534,5,3357.3
1335,423,1,3,93810,0,281430.0
1336,423,31,2,2744,30,3841.6
1337,424,14,1,366,10,329.4
1338,425,4,2,40495,20,64792.0
1339,425,21,1,2833,15,2408.05
1340,426,24,1,2287,15,1943.95
1341,427,30,3,4815,20,11556.0
1342,427,42,1,5471,0,5471.0
1343,427,21,1,2833,15,2408.05
1344,427,15,2,899,30,1258.6
1345,428,33,1,304,20,243.2
1346,428,37,1,388,10,349.2
1347,428,15,2,899,30,1258.6
1348,428,26,3,1540,15,3927.0
1349,428,35,1,945,0,945.0
1350,429,10,3,3600,0,10800.0
1351,430,26,2,1540,15,2618.0
1352,430,6,1,2778,0,2778.0
1353,430,13,1,303,15,257.55
1354,430,3,3,21395,20,51348.0
1355,431,15,2,899,30,1258.6
1356,431,3,3,21395,20,51348.0
1357,431,37,1,388,10,349.2
1358,432,48,3,1006,0,3018.0
1359,432,34,1,3273,10,2945.7
1360,433,10,1,3600,0,3600.0
1361,434,30,2,4815,20,7704.0
1362,434,50,2,3656,5,6946.4
1363,434,17,2,76000,5,144400.0
1364,435,28,2,2376,30,3326.4
1365,435,22,3,2499,20,5997.6
1366,435,15,2,899,30,1258.6
1367,435,14,1,366,10,329.4
1368,435,13,3,303,15,772.65
1369,436,11,1,570,20,456.0
1370,436,23,3,2590,15,6604.5
1371,436,47,3,3669,15,9355.95
1372,436,39,2,688,15,1169.6
1373,436,22,3,2499,20,5997.6
1374,437,25,2,826,30,1156.4
1375,437,16,3,35087,5,99997.95
1376,437,10,3,3600,0,10800.0
1377,437,47,3,3669,15,9355.95
1378,437,50,3,3656,5,10419.6
1379,438,27,2,4619,20,7390.4
1380,438,17,2,76000,5,144400.0
1381,438,29,3,6073,0,18219.0
1382,439,46,1,3534,5,3357.3
1383,439,48,2,1006,0,2012.0
1384,440,48,2,1006,0,2012.0
1385,440,49,2,1095,5,2080.5
1386,440,42,2,5471,0,10942.0
1387,441,12,2,433,10,779.4
1388,441,21,1,2833,15,2408.05
1389,442,27,3,4619,20,11085.6
1390,443,28,2,2376,30,3326.4
1391,443,6,2,2778,0,5556.0
1392,444,18,3,10331,5,29443.35
1393,444,44,1,36812,5,34971.4
1394,444,21,3,2833,15,7224.15
1395,444,37,2,388,10,698.4
1396,445,2,2,28289,30,39604.6
1397,445,47,1,3669,15,3118.65
1398,445,32,2,1623,20,2596.8
1399,445,27,2,4619,20,7390.4
1400,446,16,1,35087,5,33332.65
1401,446,19,1,38093,0,38093.0
1402,446,24,3,2287,15,5831.85
1403,446,14,2,366,10,658.8
1404,446,5,1,95181,30,66626.7
1405,447,15,3,899,30,1887.9
1406,447,5,2,95181,30,133253.4
1407,447,31,2,2744,30,3841.6
1408,447,32,1,1623,20,1298.4
1409,448,44,3,36812,5,104914.2
1410,448,30,3,4815,20,11556.0
1411,449,38,2,1952,20,3123.2
1412,449,1,1,93810,0,93810.0
1413,449,7,2,3287,10,5916.6
1414,449,33,1,304,20,243.2
1415,450,17,3,76000,5,216600.0
1416,450,48,1,1006,0,1006.0
1417,450,26,3,1540,15,3927.0
1418,450,21,3,2833,15,7224.15
1419,451,41,2,27156,0,54312.0
1420,451,29,3,6073,0,18219.0
1421,451,33,3,304,20,729.6
1422,452,33,2,304,20,486.4
1423,452,14,2,366,10,658.8
1424,452,9,1,2666,0,2666.0
1425,452,49,1,1095,5,1040.25
1426,452,46,1,3534,5,3357.3
1427,453,10,2,3600,0,7200.0
1428,453,24,1,2287,15,1943.95
1429,454,36,3,1140,5,3249.0
1430,454,21,2,2833,15,4816.1
1431,454,4,2,40495,20,64792.0
1432,454,15,3,899,30,1887.9
1433,455,30,2,4815,20,7704.0
1434,455,40,1,1892,20,1513.6
1435,455,44,2,36812,5,69942.8
1436,455,12,1,433,10,389.7
1437,455,42,1,5471,0,5471.0
1438,456,43,3,7058,10,19056.6
1439,457,45,1,42423,20,33938.4
1440,458,35,2,945,0,1890.0
1441,459,15,1,899,30,629.3
1442,459,6,3,2778,0,8334.0
1443,459,28,2,2376,30,3326.4
1444,460,28,1,2376,30,1663.2
1445,461,12,1,433,10,389.7
1446,462,43,2,7058,10,12704.4
1447,463,38,2,1952,20,3123.2
1448,463,4,2,40495,20,64792.0
1449,464,12,2,433,10,779.4
1450,464,34,2,3273,10,5891.4
1451,464,35,2,945,0,1890.0
1452,465,49,2,1095,5,2080.5
1453,466,7,1,3287,10,2958.3
1454,467,11,2,570,20,912.0
1455,468,28,1,2376,30,1663.2
1456,468,36,3,1140,5,3249.0
1457,468,47,2,3669,15,6237.3
1458,468,32,1,1623,20,1298.4
1459,469,30,2,4815,20,7704.0
1460,469,29,2,6073,0,12146.0
1461,470,48,1,1006,0,1006.0
1462,471,49,2,1095,5,2080.5
1463,471,38,2,1952,20,3123.2
1464,472,19,3,38093,0,114279.0
1465,472,16,1,35087,5,33332.65
1466,473,13,2,303,15,515.1
1467,473,7,3,3287,10,8874.9
1468,474,26,3,1540,15,3927.0
1469,475,3,2,21395,20,34232.0
1470,475,22,2,2499,20,3998.4
1471,476,16,2,35087,5,66665.3
1472,476,23,1,2590,15,2201.5
1473,476,19,3,38093,0,114279.0
1474,477,29,3,6073,0,18219.0
1475,478,13,3,303,15,772.65
1476,478,28,1,2376,30,1663.2
1477,478,19,2,38093,0,76186.0
1478,478,22,2,2499,20,3998.4
1479,478,40,3,1892,20,4540.8
1480,479,25,1,826,30,578.2
1481,479,32,2,1623,20,2596.8
1482,479,50,1,3656,5,3473.2
1483,480,4,1,40495,20,32396.0
1484,480,43,1,7058,10,6352.2
1485,481,32,2,1623,20,2596.8
1486,481,2,1,28289,30,19802.3
1487,481,18,1,10331,5,9814.45
1488,481,5,2,95181,30,133253.4
1489,482,6,1,2778,0,2778.0
1490,482,48,2,1006,0,2012.0
1491,482,29,1,6073,0,6073.0
1492,482,49,1,1095,5,1040.25
1493,482,14,1,366,10,329.4
1494,483,9,3,2666,0,7998.0
1495,483,5,2,95181,30,133253.4
1496,483,47,3,3669,15,9355.95
1497,483,26,3,1540,15,3927.0
1498,483,33,1,304,20,243.2
1499,484,29,1,6073,0,6073.0
1500,484,48,1,1006,0,1006.0
1501,484,28,1,2376,30,1663.2
1502,485,28,1,2376,30,1663.2
1503,485,1,3,93810,0,281430.0
1504,485,40,3,1892,20,4540.8
1505,485,42,2,5471,0,10942.0
1506,486,27,1,4619,20,3695.2
1507,487,13,3,303,15,772.65
1508,487,15,1,899,30,629.3
1509,487,21,3,2833,15,7224.15
1510,488,12,1,433,10,389.7
1511,488,42,1,5471,0,5471.0
1512,488,33,2,304,20,486.4
1513,488,6,1,2778,0,2778.0
1514,488,27,2,4619,20,7390.4
1515,489,9,3,2666,0,7998.0
1516,489,43,2,7058,10,12704.4
1517,489,14,2,366,10,658.8
1518,489,8,3,1337,0,4011.0
1519,489,47,1,3669,15,3118.65
1520,490,43,3,7058,10,19056.6
1521,491,28,2,2376,30,3326.4
1522,491,46,3,3534,5,10071.9
1523,491,17,1,76000,5,72200.0
1524,491,13,2,303,15,515.1
1525,492,4,2,40495,20,64792.0
1526,493,48,3,1006,0,3018.0
1527,493,47,2,3669,15,6237.3
1528,493,29,3,6073,0,18219.0
1529,493,50,3,3656,5,10419.6
1530,494,34,1,3273,10,2945.7
1531,494,3,3,21395,20,51348.0
1532,494,46,1,3534,5,3357.3
1533,494,50,3,3656,5,10419.6
1534,495,19,2,38093,0,76186.0
1535,495,43,3,7058,10,19056.6
1536,495,6,2,2778,0,5556.0
1537,496,43,3,7058,10,19056.6
1538,496,33,3,304,20,729.6
1539,496,44,1,36812,5,34971.4
1540,497,42,3,5471,0,16413.0
1541,498,29,2,6073,0,12146.0
1542,498,1,2,93810,0,187620.0
1543,499,30,3,4815,20,11556.0
1544,499,25,2,826,30,1156.4
1545,499,43,2,7058,10,12704.4
1546,500,50,3,3656,5,10419.6
1547,501,4,2,40495,20,64792.0
1548,501,29,3,6073,0,18219.0
1549,501,19,1,38093,0,38093.0
1550,501,49,1,1095,5,1040.25
1551,501,46,3,3534,5,10071.9
1552,502,35,3,945,0,2835.0
1553,502,30,1,4815,20,3852.0
1554,502,19,2,38093,0,76186.0
1555,503,15,3,899,30,1887.9
1556,504,29,2,6073,0,12146.0
1557,504,1,1,93810,0,93810.0
1558,504,40,3,1892,20,4540.8
1559,504,13,3,303,15,772.65
1560,504,41,2,27156,0,54312.0
1561,505,45,1,42423,20,33938.4
1562,505,13,3,303,15,772.65
1563,505,3,2,21395,20,34232.0
1564,505,25,2,826,30,1156.4
1565,505,40,2,1892,20,3027.2
1566,506,33,1,304,20,243.2
1567,506,27,1,4619,20,3695.2
1568,506,39,3,688,15,1754.4
1569,507,45,1,42423,20,33938.4
1570,508,18,1,10331,5,9814.45
1571,508,8,1,1337,0,1337.0
1572,509,29,1,6073,0,6073.0
1573,509,23,2,2590,15,4403.0
1574,510,7,1,3287,10,2958.3
1575,510,47,1,3669,15,3118.65
1576,511,11,3,570,20,1368.0
1577,511,3,2,21395,20,34232.0
1578,511,26,3,1540,15,3927.0
1579,511,30,2,4815,20,7704.0
1580,511,4,3,40495,20,97188.0
1581,512,19,3,38093,0,114279.0
1582,512,24,3,2287,15,5831.85
1583,512,8,2,1337,0,2674.0
1584,512,33,1,304,20,243.2
1585,512,9,2,2666,0,5332.0
1586,513,43,3,7058,10,19056.6
1587,513,44,3,36812,5,104914.2
1588,514,4,1,40495,20,32396.0
1589,515,2,3,28289,30,59406.9
1590,515,35,2,945,0,1890.0
1591,516,38,2,1952,20,3123.2
1592,517,50,2,3656,5,6946.4
1593,518,23,3,2590,15,6604.5
1594,518,30,2,4815,20,7704.0
1595,518,4,2,40495,20,64792.0
1596,518,13,3,303,15,772.65
1597,518,48,1,1006,0,1006.0
1598,519,42,2,5471,0,10942.0
1599,519,4,3,40495,20,97188.0
1600,519,31,1,2744,30,1920.8
1601,519,28,3,2376,30,4989.6
1602,519,33,1,304,20,243.2
1603,520,40,1,1892,20,1513.6
1604,520,8,1,1337,0,1337.0
1605,520,36,3,1140,5,3249.0
1606,521,28,1,2376,30,1663.2
1607,522,1,3,93810,0,281430.0
1608,522,38,2,1952,20,3123.2
1609,523,46,1,3534,5,3357.3
1610,523,7,3,3287,10,8874.9
1611,524,49,3,1095,5,3120.75
1612,524,30,3,4815,20,11556.0
1613,525,16,3,35087,5,99997.95
1614,525,26,3,1540,15,3927.0
1615,526,10,2,3600,0,7200.0
1616,526,37,3,388,10,1047.6
1617,526,40,1,1892,20,1513.6
1618,526,44,3,36812,5,104914.2
1619,526,11,3,570,20,1368.0
1620,527,47,3,3669,15,9355.95
1621,527,2,2,28289,30,39604.6
1622,527,23,3,2590,15,6604.5
1623,528,47,1,3669,15,3118.65
1624,528,32,1,1623,20,1298.4
1625,528,45,1,42423,20,33938.4
1626,528,19,3,38093,0,114279.0
1627,529,31,3,2744,30,5762.4
1628,529,46,2,3534,5,6714.6
1629,529,14,3,366,10,988.2
1630,529,38,1,1952,20,1561.6
1631,530,14,3,366,10,988.2
1632,530,25,2,826,30,1156.4
1633,530,43,2,7058,10,12704.4
1634,530,49,2,1095,5,2080.5
1635,530,32,3,1623,20,3895.2
1636,531,30,2,4815,20,7704.0
1637,531,39,2,688,15,1169.6
1638,531,19,3,38093,0,114279.0
1639,532,31,3,2744,30,5762.4
1640,532,2,2,28289,30,39604.6
1641,532,24,3,2287,15,5831.85
1642,532,43,1,7058,10,6352.2
1643,533,23,3,2590,15,6604.5
1644,533,14,1,366,10,329.4
1645,533,7,2,3287,10,5916.6
1646,533,43,3,7058,10,19056.6
1647,533,44,3,36812,5,104914.2
1648,534,48,2,1006,0,2012.0
1649,534,23,2,2590,15,4403.0
1650,534,10,2,3600,0,7200.0
1651,535,17,1,76000,5,72200.0
1652,535,42,3,5471,0,16413.0
1653,535,24,1,2287,15,1943.95
1654,535,36,2,1140,5,2166.0
1655,536,47,1,3669,15,3118.65
1656,536,27,3,4619,20,11085.6
1657,536,31,1,2744,30,1920.8
1658,536,19,2,38093,0,76186.0
1659,536,42,1,5471,0,5471.0
1660,537,32,1,1623,20,1298.4
1661,537,4,1,40495,20,32396.0
1662,537,9,2,2666,0,5332.0
1663,538,26,3,1540,15,3927.0
1664,539,9,3,2666,0,7998.0
1665,539,10,3,3600,0,10800.0
1666,539,1,3,93810,0,281430.0
1667,540,21,3,2833,15,7224.15
1668,540,46,1,3534,5,3357.3
1669,540,24,1,2287,15,1943.95
1670,540,16,1,35087,5,33332.65
1671,540,42,2,5471,0,10942.0
1672,541,24,1,2287,15,1943.95
1673,541,43,1,7058,10,6352.2
1674,541,46,2,3534,5,6714.6
1675,542,4,3,40495,20,97188.0
1676,542,45,1,42423,20,33938.4
1677,542,16,1,35087,5,33332.65
1678,543,8,2,1337,0,2674.0
1679,543,42,1,5471,0,5471.0
1680,543,7,3,3287,10,8874.9
1681,544,39,3,688,15,1754.4
1682,544,16,1,35087,5,33332.65
1683,544,41,3,27156,0,81468.0
1684,544,42,1,5471,0,5471.0
1685,545,40,2,1892,20,3027.2
1686,545,25,1,826,30,578.2
1687,545,38,2,1952,20,3123.2
1688,546,6,1,2778,0,2778.0
1689,546,14,3,366,10,988.2
1690,546,31,3,2744,30,5762.4
1691,546,30,2,4815,20,7704.0
1692,546,22,1,2499,20,1999.2
1693,547,42,2,5471,0,10942.0
1694,547,44,1,36812,5,34971.4
1695,547,3,1,21395,20,17116.0
1696,547,49,2,1095,5,2080.5
1697,547,37,2,388,10,698.4
1698,548,47,2,3669,15,6237.3
1699,548,16,1,35087,5,33332.65
1700,548,36,1,1140,5,1083.0
1701,548,29,3,6073,0,18219.0
1702,549,31,1,2744,30,1920.8
1703,549,34,3,3273,10,8837.1
1704,549,12,3,433,10,1169.1
1705,549,17,2,76000,5,144400.0
1706,549,26,1,1540,15,1309.0
1707,550,47,3,3669,15,9355.95
1708,550,26,1,1540,15,1309.0
1709,550,36,2,1140,5,2166.0
1710,551,50,3,3656,5,10419.6
1711,551,38,1,1952,20,1561.6
1712,551,47,2,3669,15,6237.3
1713,551,9,3,2666,0,7998.0
1714,551,44,3,36812,5,104914.2
1715,552,9,1,2666,0,2666.0
1716,552,38,1,1952,20,1561.6
1717,553,31,2,2744,30,3841.6
1718,553,45,3,42423,20,101815.2
1719,553,40,3,1892,20,4540.8
1720,553,42,3,5471,0,16413.0
1721,554,29,1,6073,0,6073.0
1722,555,46,2,3534,5,6714.6
1723,555,29,2,6073,0,12146.0
1724,555,5,1,95181,30,66626.7
1725,555,6,1,2778,0,2778.0
1726,556,24,1,2287,15,1943.95
1727,556,1,2,93810,0,187620.0
1728,556,28,3,2376,30,4989.6
1729,557,45,3,42423,20,101815.2
1730,558,45,2,42423,20,67876.8
1731,558,11,1,570,20,456.0
1732,558,17,2,76000,5,144400.0
1733,558,41,3,27156,0,81468.0
1734,559,4,3,40495,20,97188.0
1735,559,14,1,366,10,329.4
1736,559,41,1,27156,0,27156.0
1737,559,3,2,21395,20,34232.0
1738,560,29,1,6073,0,6073.0
1739,560,31,2,2744,30,3841.6
1740,560,22,2,2499,20,3998.4
1741,560,39,3,688,15,1754.4
1742,560,34,3,3273,10,8837.1
1743,561,50,3,3656,5,10419.6
1744,561,36,3,1140,5,3249.0
1745,562,36,1,1140,5,1083.0
1746,562,20,1,44245,5,42032.75
1747,562,11,1,570,20,456.0
1748,562,34,2,3273,10,5891.4
1749,562,49,2,1095,5,2080.5
1750,563,39,3,688,15,1754.4
1751,563,47,3,3669,15,9355.95
1752,563,24,1,2287,15,1943.95
1753,564,49,3,1095,5,3120.75
1754,565,36,2,1140,5,2166.0
1755,565,33,2,304,20,486.4
1756,565,31,2,2744,30,3841.6
1757,565,19,1,38093,0,38093.0
1758,566,6,2,2778,0,5556.0
1759,566,1,3,93810,0,281430.0
1760,566,23,3,2590,15,6604.5
1761,567,31,2,2744,30,3841.6
1762,568,45,2,42423,20,67876.8
1763,568,28,3,2376,30,4989.6
1764,569,37,3,388,10,1047.6
1765,569,10,1,3600,0,3600.0
1766,569,50,2,3656,5,6946.4
1767,569,34,1,3273,10,2945.7
1768,570,11,1,570,20,456.0
1769,570,21,3,2833,15,7224.15
1770,571,3,1,21395,20,17116.0
1771,571,41,3,27156,0,81468.0
1772,571,1,1,93810,0,93810.0
1773,572,50,3,3656,5,10419.6
1774,573,12,1,433,10,389.7
1775,574,14,1,366,10,329.4
1776,574,7,2,3287,10,5916.6
1777,574,36,1,1140,5,1083.0
1778,574,45,2,42423,20,67876.8
1779,574,11,3,570,20,1368.0
1780,575,20,2,44245,5,84065.5
1781,576,49,2,1095,5,2080.5
1782,576,44,1,36812,5,34971.4
1783,576,28,2,2376,30,3326.4
1784,576,14,1,366,10,329.4
1785,577,37,1,388,10,349.2
1786,577,50,1,3656,5,3473.2
1787,577,18,3,10331,5,29443.35
1788,577,14,3,366,10,988.2
1789,577,15,2,899,30,1258.6
1790,578,28,2,2376,30,3326.4
1791,578,40,3,1892,20,4540.8
1792,578,23,3,2590,15,6604.5
1793,578,41,1,27156,0,27156.0
1794,578,36,3,1140,5,3249.0
1795,579,18,2,10331,5,19628.9
1796,580,46,3,3534,5,10071.9
1797,580,5,3,95181,30,199880.1
1798,580,15,1,899,30,629.3
1799,580,26,2,1540,15,2618.0
1800,580,20,1,44245,5,42032.75
1801,581,25,2,826,30,1156.4
1802,582,47,3,3669,15,9355.95
1803,582,17,3,76000,5,216600.0
1804,583,47,1,3669,15,3118.65
1805,583,6,2,2778,0,5556.0
1806,583,19,3,38093,0,114279.0
1807,584,50,1,3656,5,3473.2
1808,585,27,3,4619,20,11085.6
1809,585,47,2,3669,15,6237.3
1810,585,4,3,40495,20,97188.0
1811,585,19,3,38093,0,114279.0
1812,586,39,1,688,15,584.8
1813,586,16,1,35087,5,33332.65
1814,586,30,2,4815,20,7704.0
1815,587,17,1,76000,5,72200.0
1816,587,27,2,4619,20,7390.4
1817,587,46,3,3534,5,10071.9
1818,587,1,3,93810,0,281430.0
1819,588,19,2,38093,0,76186.0
1820,589,25,3,826,30,1734.6
1821,589,26,3,1540,15,3927.0
1822,589,17,1,76000,5,72200.0
1823,589,33,1,304,20,243.2
1824,590,47,3,3669,15,9355.95
1825,590,8,2,1337,0,2674.0
1826,591,11,3,570,20,1368.0
1827,591,1,1,93810,0,93810.0
1828,591,7,1,3287,10,2958.3
1829,591,30,1,4815,20,3852.0
1830,591,2,3,28289,30,59406.9
1831,592,5,2,95181,30,133253.4
1832,592,10,2,3600,0,7200.0
1833,592,49,2,1095,5,2080.5
1834,593,15,1,899,30,629.3
1835,593,50,2,3656,5,6946.4
1836,594,24,2,2287,15,3887.9
1837,594,8,3,1337,0,4011.0
1838,594,45,2,42423,20,67876.8
1839,595,28,3,2376,30,4989.6
1840,595,22,2,2499,20,3998.4
1841,596,8,3,1337,0,4011.0
1842,597,39,2,688,15,1169.6
1843,597,38,1,1952,20,1561.6
1844,597,12,3,433,10,1169.1
1845,598,43,1,7058,10,6352.2
1846,598,50,1,3656,5,3473.2
1847,598,4,2,40495,20,64792.0
1848,599,40,3,1892,20,4540.8
1849,599,31,1,2744,30,1920.8
1850,599,24,1,2287,15,1943.95
1851,599,29,3,6073,0,18219.0
1852,600,50,3,3656,5,10419.6
1853,600,44,3,36812,5,104914.2
1854,600,15,3,899,30,1887.9
1855,600,38,3,1952,20,4684.8
1856,601,16,2,35087,5,66665.3
1857,601,3,1,21395,20,17116.0
1858,602,20,1,44245,5,42032.75
1859,602,19,2,38093,0,76186.0
1860,602,25,2,826,30,1156.4
1861,602,50,3,3656,5,10419.6
1862,602,27,2,4619,20,7390.4
1863,603,9,3,2666,0,7998.0
1864,603,7,1,3287,10,2958.3
1865,603,46,1,3534,5,3357.3
1866,603,26,3,1540,15,3927.0
1867,604,32,3,1623,20,3895.2
1868,604,5,3,95181,30,199880.1
1869,605,3,1,21395,20,17116.0
1870,605,23,2,2590,15,4403.0
1871,606,36,1,1140,5,1083.0
1872,606,10,2,3600,0,7200.0
1873,606,29,1,6073,0,6073.0
1874,606,15,3,899,30,1887.9
1875,606,28,3,2376,30,4989.6
1876,607,15,2,899,30,1258.6
1877,607,38,1,1952,20,1561.6
1878,608,3,3,21395,20,51348.0
1879,608,47,3,3669,15,9355.95
1880,608,27,1,4619,20,3695.2
1881,608,50,1,3656,5,3473.2
1882,608,33,2,304,20,486.4
1883,609,44,3,36812,5,104914.2
1884,609,39,1,688,15,584.8
1885,610,26,2,1540,15,2618.0
1886,610,3,2,21395,20,34232.0
1887,610,14,2,366,10,658.8
1888,611,10,3,3600,0,10800.0
1889,611,43,3,7058,10,19056.6
1890,611,1,3,93810,0,281430.0
1891,611,28,2,2376,30,3326.4
1892,612,30,1,4815,20,3852.0
1893,612,44,1,36812,5,34971.4
1894,613,13,1,303,15,257.55
1895,613,48,1,1006,0,1006.0
1896,614,25,3,826,30,1734.6
1897,614,19,2,38093,0,76186.0
1898,614,17,3,76000,5,216600.0
1899,614,10,3,3600,0,10800.0
1900,614,48,3,1006,0,3018.0
1901,615,33,3,304,20,729.6
1902,615,39,1,688,15,584.8
1903,616,23,3,2590,15,6604.5
1904,616,10,1,3600,0,3600.0
1905,617,7,1,3287,10,2958.3
1906,617,33,3,304,20,729.6
1907,617,28,2,2376,30,3326.4
1908,618,36,3,1140,5,3249.0
1909,618,19,3,38093,0,114279.0
1910,619,17,3,76000,5,216600.0
1911,619,19,3,38093,0,114279.0
1912,619,46,2,3534,5,6714.6
1913,619,2,1,28289,30,19802.3
1914,620,34,2,3273,10,5891.4
1915,620,50,2,3656,5,6946.4
1916,620,18,1,10331,5,9814.45
1917,620,44,1,36812,5,34971.4
1918,621,40,1,1892,20,1513.6
1919,621,46,1,3534,5,3357.3
1920,622,16,1,35087,5,33332.65
1921,622,34,2,3273,10,5891.4
1922,622,48,2,1006,0,2012.0
1923,622,7,1,3287,10,2958.3
1924,623,20,1,44245,5,42032.75
1925,623,40,1,1892,20,1513.6
1926,624,20,2,44245,5,84065.5
1927,624,34,3,3273,10,8837.1
1928,625,38,3,1952,20,4684.8
1929,625,46,2,3534,5,6714.6
1930,625,28,2,2376,30,3326.4
1931,625,10,1,3600,0,3600.0
1932,626,20,2,44245,5,84065.5
1933,626,48,1,1006,0,1006.0
1934,626,18,3,10331,5,29443.35
1935,626,37,3,388,10,1047.6
1936,627,16,3,35087,5,99997.95
1937,627,8,2,1337,0,2674.0
1938,627,41,2,27156,0,54312.0
1939,627,32,3,1623,20,3895.2
1940,628,41,3,27156,0,81468.0
1941,628,12,3,433,10,1169.1
1942,628,36,3,1140,5,3249.0
1943,628,48,3,1006,0,3018.0
1944,628,3,3,21395,20,51348.0
1945,629,31,3,2744,30,5762.4
1946,630,18,2,10331,5,19628.9
1947,631,8,1,1337,0,1337.0
1948,631,2,1,28289,30,19802.3
1949,631,24,3,2287,15,5831.85
1950,631,43,3,7058,10,19056.6
1951,632,31,3,2744,30,5762.4
1952,632,13,1,303,15,257.55
1953,632,41,3,27156,0,81468.0
1954,632,44,2,36812,5,69942.8
1955,633,10,3,3600,0,10800.0
1956,633,41,1,27156,0,27156.0
1957,633,1,1,93810,0,93810.0
1958,633,26,2,1540,15,2618.0
1959,633,36,2,1140,5,2166.0
1960,634,48,2,1006,0,2012.0
1961,634,46,2,3534,5,6714.6
1962,634,45,2,42423,20,67876.8
1963,634,14,1,366,10,329.4
1964,635,44,2,36812,5,69942.8
1965,635,34,3,3273,10,8837.1
1966,635,50,1,3656,5,3473.2
1967,635,6,3,2778,0,8334.0
1968,636,11,1,570,20,456.0
1969,636,7,2,3287,10,5916.6
1970,636,46,3,3534,5,10071.9
1971,636,27,2,4619,20,7390.4
1972,636,12,1,433,10,389.7
1973,637,8,1,1337,0,1337.0
1974,637,48,1,1006,0,1006.0
1975,637,4,3,40495,20,97188.0
1976,637,44,3,36812,5,104914.2
1977,637,2,3,28289,30,59406.9
1978,638,8,2,1337,0,2674.0
1979,638,22,2,2499,20,3998.4
1980,639,18,2,10331,5,19628.9
1981,639,27,1,4619,20,3695.2
1982,639,31,1,2744,30,1920.8
1983,640,39,3,688,15,1754.4
1984,640,24,3,2287,15,5831.85
1985,640,2,1,28289,30,19802.3
1986,640,28,2,2376,30,3326.4
1987,641,38,2,1952,20,3123.2
1988,642,37,3,388,10,1047.6
1989,642,22,3,2499,20,5997.6
1990,642,8,3,1337,0,4011.0
1991,643,43,3,7058,10,19056.6
1992,643,25,3,826,30,1734.6
1993,644,14,1,366,10,329.4
1994,645,41,3,27156,0,81468.0
1995,646,37,3,388,10,1047.6
1996,646,39,2,688,15,1169.6
1997,646,14,1,366,10,329.4
1998,646,18,3,10331,5,29443.35
1999,647,41,3,27156,0,81468.0
2000,647,12,3,433,10,1169.1
2001,647,46,3,3534,5,10071.9
2002,647,14,1,366,10,329.4
2003,648,33,3,304,20,729.6
2004,648,29,2,6073,0,12146.0
2005,648,20,1,44245,5,42032.75
2006,648,26,1,1540,15,1309.0
2007,649,43,3,7058,10,19056.6
2008,649,12,3,433,10,1169.1
2009,649,44,1,36812,5,34971.4
2010,650,16,1,35087,5,33332.65
2011,650,15,1,899,30,629.3
2012,651,45,2,42423,20,67876.8
2013,652,25,2,826,30,1156.4
2014,652,6,3,2778,0,8334.0
2015,652,40,2,1892,20,3027.2
2016,653,44,3,36812,5,104914.2
2017,653,38,1,1952,20,1561.6
2018,653,31,1,2744,30,1920.8
2019,654,45,1,42423,20,33938.4
2020,654,14,1,366,10,329.4
2021,655,21,2,2833,15,4816.1
2022,655,31,1,2744,30,1920.8
2023,655,25,2,826,30,1156.4
2024,655,6,2,2778,0,5556.0
2025,655,16,2,35087,5,66665.3
2026,656,9,1,2666,0,2666.0
2027,656,41,3,27156,0,81468.0
2028,656,47,2,3669,15,6237.3
2029,656,49,1,1095,5,1040.25
2030,656,4,1,40495,20,32396.0
2031,657,15,3,899,30,1887.9
2032,657,47,2,3669,15,6237.3
2033,657,25,2,826,30,1156.4
2034,657,45,2,42423,20,67876.8
2035,657,26,2,1540,15,2618.0
2036,658,46,3,3534,5,10071.9
2037,659,36,1,1140,5,1083.0
2038,659,31,1,2744,30,1920.8
2039,659,48,3,1006,0,3018.0
2040,659,27,2,4619,20,7390.4
2041,659,28,3,2376,30,4989.6
2042,660,23,1,2590,15,2201.5
2043,660,12,1,433,10,389.7
2044,660,34,1,3273,10,2945.7
2045,660,50,1,3656,5,3473.2
2046,660,31,1,2744,30,1920.8
2047,661,24,1,2287,15,1943.95
2048,661,38,1,1952,20,1561.6
2049,661,30,1,4815,20,3852.0
2050,662,14,3,366,10,988.2
2051,662,28,2,2376,30,3326.4
2052,662,17,2,76000,5,144400.0
2053,662,30,1,4815,20,3852.0
2054,662,33,1,304,20,243.2
2055,663,4,2,40495,20,64792.0
2056,664,32,1,1623,20,1298.4
2057,664,49,3,1095,5,3120.75
2058,665,3,3,21395,20,51348.0
2059,665,23,3,2590,15,6604.5
2060,665,25,3,826,30,1734.6
2061,666,18,3,10331,5,29443.35
2062,666,36,3,1140,5,3249.0
2063,666,31,1,2744,30,1920.8
2064,666,38,2,1952,20,3123.2
2065,666,33,3,304,20,729.6
2066,667,21,2,2833,15,4816.1
2067,667,7,1,3287,10,2958.3
2068,667,46,1,3534,5,3357.3
2069,667,30,2,4815,20,7704.0
2070,667,24,2,2287,15,3887.9
2071,668,48,2,1006,0,2012.0
2072,668,17,1,76000,5,72200.0
2073,668,42,2,5471,0,10942.0
2074,669,32,1,1623,20,1298.4
2075,669,10,2,3600,0,7200.0
2076,669,6,2,2778,0,5556.0
2077,669,13,1,303,15,257.55
2078,669,19,1,38093,0,38093.0
2079,670,1,2,93810,0,187620.0
2080,670,36,3,1140,5,3249.0
2081,670,40,2,1892,20,3027.2
2082,671,10,1,3600,0,3600.0
2083,671,19,3,38093,0,114279.0
2084,671,35,1,945,0,945.0
2085,671,30,3,4815,20,11556.0
2086,671,25,1,826,30,578.2
2087,672,23,3,2590,15,6604.5
2088,673,38,1,1952,20,1561.6
2089,673,6,2,2778,0,5556.0
2090,673,14,3,366,10,988.2
2091,673,30,3,4815,20,11556.0
2092,673,31,3,2744,30,5762.4
2093,674,21,2,2833,15,4816.1
2094,674,2,3,28289,30,59406.9
2095,674,36,2,1140,5,2166.0
2096,675,36,3,1140,5,3249.0
2097,675,27,3,4619,20,11085.6
2098,675,5,3,95181,30,199880.1
2099,676,27,1,4619,20,3695.2
2100,676,39,3,688,15,1754.4
2101,676,10,3,3600,0,10800.0
2102,677,29,3,6073,0,18219.0
2103,677,4,3,40495,20,97188.0
2104,677,11,3,570,20,1368.0
2105,677,42,2,5471,0,10942.0
2106,678,8,1,1337,0,1337.0
2107,678,22,3,2499,20,5997.6
2108,678,21,1,2833,15,2408.05
2109,678,41,3,27156,0,81468.0
2110,679,27,1,4619,20,3695.2
2111,679,44,1,36812,5,34971.4
2112,679,28,1,2376,30,1663.2
2113,680,39,2,688,15,1169.6
2114,681,20,3,44245,5,126098.25
2115,682,13,3,303,15,772.65
2116,682,32,2,1623,20,2596.8
2117,683,30,1,4815,20,3852.0
2118,683,2,2,28289,30,39604.6
2119,683,16,2,35087,5,66665.3
2120,683,29,3,6073,0,18219.0
2121,684,8,1,1337,0,1337.0
2122,684,10,3,3600,0,10800.0
2123,685,50,3,3656,5,10419.6
2124,685,26,2,1540,15,2618.0
2125,686,14,1,366,10,329.4
2126,686,30,2,4815,20,7704.0
2127,686,31,2,2744,30,3841.6
2128,687,32,3,1623,20,3895.2
2129,687,10,2,3600,0,7200.0
2130,687,37,1,388,10,349.2
2131,687,16,1,35087,5,33332.65
2132,687,8,3,1337,0,4011.0
2133,688,41,2,27156,0,54312.0
2134,688,36,2,1140,5,2166.0
2135,688,21,3,2833,15,7224.15
2136,689,28,3,2376,30,4989.6
2137,689,24,1,2287,15,1943.95
2138,689,32,1,1623,20,1298.4
2139,689,26,1,1540,15,1309.0
2140,689,1,2,93810,0,187620.0
2141,690,31,3,2744,30,5762.4
2142,690,49,2,1095,5,2080.5
2143,690,46,2,3534,5,6714.6
2144,691,16,3,35087,5,99997.95
2145,692,33,2,304,20,486.4
2146,692,36,1,1140,5,1083.0
2147,693,24,3,2287,15,5831.85
2148,693,4,2,40495,20,64792.0
2149,693,43,2,7058,10,12704.4
2150,693,9,2,2666,0,5332.0
2151,694,19,3,38093,0,114279.0
2152,695,50,3,3656,5,10419.6
2153,695,40,3,1892,20,4540.8
2154,695,43,3,7058,10,19056.6
2155,696,50,3,3656,5,10419.6
2156,696,17,3,76000,5,216600.0
2157,696,13,1,303,15,257.55
2158,697,28,3,2376,30,4989.6
2159,697,15,3,899,30,1887.9
2160,698,35,2,945,0,1890.0
2161,698,18,1,10331,5,9814.45
2162,698,2,1,28289,30,19802.3
2163,699,31,1,2744,30,1920.8
2164,699,36,2,1140,5,2166.0
2165,699,44,2,36812,5,69942.8
2166,700,39,1,688,15,584.8
2167,700,45,3,42423,20,101815.2
2168,700,34,3,3273,10,8837.1
2169,700,6,2,2778,0,5556.0
2170,700,42,1,5471,0,5471.0
2171,701,1,1,93810,0,93810.0
2172,701,29,2,6073,0,12146.0
2173,701,25,3,826,30,1734.6
2174,701,46,2,3534,5,6714.6
2175,701,17,3,76000,5,216600.0
2176,702,39,2,688,15,1169.6
2177,703,25,1,826,30,578.2
2178,703,29,2,6073,0,12146.0
2179,703,14,1,366,10,329.4
2180,703,19,2,38093,0,76186.0
2181,704,8,2,1337,0,2674.0
2182,704,38,1,1952,20,1561.6
2183,704,11,3,570,20,1368.0
2184,704,19,2,38093,0,76186.0
2185,705,7,1,3287,10,2958.3
2186,705,44,2,36812,5,69942.8
2187,706,14,1,366,10,329.4
2188,707,5,2,95181,30,133253.4
2189,708,38,1,1952,20,1561.6
2190,708,13,2,303,15,515.1
2191,708,18,3,10331,5,29443.35
2192,708,43,1,7058,10,6352.2
2193,708,26,1,1540,15,1309.0
2194,709,32,2,1623,20,2596.8
2195,709,27,3,4619,20,11085.6
2196,709,44,3,36812,5,104914.2
2197,710,6,2,2778,0,5556.0
2198,710,42,1,5471,0,5471.0
2199,710,16,1,35087,5,33332.65
2200,711,27,3,4619,20,11085.6
2201,711,22,1,2499,20,1999.2
2202,711,19,1,38093,0,38093.0
2203,711,44,3,36812,5,104914.2
2204,711,6,1,2778,0,2778.0
2205,712,1,2,93810,0,187620.0
2206,712,50,3,3656,5,10419.6
2207,712,44,3,36812,5,104914.2
2208,712,30,1,4815,20,3852.0
2209,713,8,2,1337,0,2674.0
2210,714,21,3,2833,15,7224.15
2211,715,29,1,6073,0,6073.0
2212,715,19,2,38093,0,76186.0
2213,715,24,2,2287,15,3887.9
2214,715,32,1,1623,20,1298.4
2215,715,17,1,76000,5,72200.0
2216,716,44,3,36812,5,104914.2
2217,716,47,3,3669,15,9355.95
2218,716,28,2,2376,30,3326.4
2219,716,40,1,1892,20,1513.6
2220,716,30,3,4815,20,11556.0
2221,717,49,3,1095,5,3120.75
2222,717,43,1,7058,10,6352.2
2223,717,46,2,3534,5,6714.6
2224,718,50,1,3656,5,3473.2
2225,718,25,2,826,30,1156.4
2226,719,38,3,1952,20,4684.8
2227,719,39,2,688,15,1169.6
2228,719,35,2,945,0,1890.0
2229,720,17,2,76000,5,144400.0
2230,721,1,1,93810,0,93810.0
2231,721,48,2,1006,0,2012.0
2232,722,18,1,10331,5,9814.45
2233,723,15,3,899,30,1887.9
2234,723,42,3,5471,0,16413.0
2235,723,30,1,4815,20,3852.0
2236,723,7,1,3287,10,2958.3
2237,723,34,3,3273,10,8837.1
2238,724,15,3,899,30,1887.9
2239,724,33,2,304,20,486.4
2240,724,21,2,2833,15,4816.1
2241,725,34,3,3273,10,8837.1
2242,725,45,2,42423,20,67876.8
2243,726,37,1,388,10,349.2
2244,726,5,1,95181,30,66626.7
2245,726,24,1,2287,15,1943.95
2246,726,12,2,433,10,779.4
2247,726,2,3,28289,30,59406.9
2248,727,35,3,945,0,2835.0
2249,727,50,2,3656,5,6946.4
2250,727,8,1,1337,0,1337.0
2251,728,14,1,366,10,329.4
2252,728,40,2,1892,20,3027.2
2253,729,19,1,38093,0,38093.0
2254,730,26,1,1540,15,1309.0
2255,730,30,1,4815,20,3852.0
2256,730,32,2,1623,20,2596.8
2257,730,48,2,1006,0,2012.0
2258,731,19,3,38093,0,114279.0
2259,731,20,3,44245,5,126098.25
2260,732,4,3,40495,20,97188.0
2261,732,38,3,1952,20,4684.8
2262,732,40,3,1892,20,4540.8
2263,732,37,2,388,10,698.4
2264,732,14,3,366,10,988.2
2265,733,2,2,28289,30,39604.6
2266,733,10,2,3600,0,7200.0
2267,733,45,1,42423,20,33938.4
2268,734,40,1,1892,20,1513.6
2269,734,47,2,3669,15,6237.3
2270,734,21,3,2833,15,7224.15
2271,734,9,1,2666,0,2666.0
2272,734,45,1,42423,20,33938.4
2273,735,5,1,95181,30,66626.7
2274,735,14,2,366,10,658.8
2275,735,9,2,2666,0,5332.0
2276,735,43,3,7058,10,19056.6
2277,736,47,2,3669,15,6237.3
2278,736,38,1,1952,20,1561.6
2279,736,9,1,2666,0,2666.0
2280,736,19,1,38093,0,38093.0
2281,737,16,2,35087,5,66665.3
2282,737,47,2,3669,15,6237.3
2283,737,27,2,4619,20,7390.4
2284,737,6,1,2778,0,2778.0
2285,737,38,3,1952,20,4684.8
2286,738,40,2,1892,20,3027.2
2287,738,15,2,899,30,1258.6
2288,738,44,2,36812,5,69942.8
2289,739,5,1,95181,30,66626.7
2290,740,37,1,388,10,349.2
2291,740,44,2,36812,5,69942.8
2292,740,10,2,3600,0,7200.0
2293,740,31,2,2744,30,3841.6
2294,741,49,2,1095,5,2080.5
2295,741,37,2,388,10,698.4
2296,742,17,3,76000,5,216600.0
2297,742,45,1,42423,20,33938.4
2298,742,34,3,3273,10,8837.1
2299,742,24,1,2287,15,1943.95
2300,742,18,2,10331,5,19628.9
2301,743,4,2,40495,20,64792.0
2302,744,42,3,5471,0,16413.0
2303,744,36,1,1140,5,1083.0
2304,744,48,2,1006,0,2012.0
2305,744,30,3,4815,20,11556.0
2306,744,9,2,2666,0,5332.0
2307,745,23,3,2590,15,6604.5
2308,745,31,2,2744,30,3841.6
2309,745,11,1,570,20,456.0
2310,745,29,3,6073,0,18219.0
2311,746,37,3,388,10,1047.6
2312,746,2,1,28289,30,19802.3
2313,747,8,2,1337,0,2674.0
2314,747,15,1,899,30,629.3
2315,747,16,2,35087,5,66665.3
2316,747,9,1,2666,0,2666.0
2317,748,22,2,2499,20,3998.4
2318,748,42,2,5471,0,10942.0
2319,748,23,3,2590,15,6604.5
2320,748,20,2,44245,5,84065.5
2321,748,40,3,1892,20,4540.8
2322,749,10,1,3600,0,3600.0
2323,749,32,3,1623,20,3895.2
2324,750,4,3,40495,20,97188.0
2325,751,9,2,2666,0,5332.0
2326,751,33,1,304,20,243.2
2327,751,38,3,1952,20,4684.8
2328,751,35,3,945,0,2835.0
2329,751,3,2,21395,20,34232.0
2330,752,5,3,95181,30,199880.1
2331,752,14,1,366,10,329.4
2332,752,48,2,1006,0,2012.0
2333,753,20,2,44245,5,84065.5
2334,753,50,2,3656,5,6946.4
2335,754,13,3,303,15,772.65
2336,755,25,3,826,30,1734.6
2337,756,40,2,1892,20,3027.2
2338,756,43,2,7058,10,12704.4
2339,756,31,2,2744,30,3841.6
2340,756,47,3,3669,15,9355.95
2341,756,26,3,1540,15,3927.0
2342,757,42,1,5471,0,5471.0
2343,758,4,1,40495,20,32396.0
2344,758,9,3,2666,0,7998.0
2345,759,6,1,2778,0,2778.0
2346,760,16,2,35087,5,66665.3
2347,760,39,3,688,15,1754.4
2348,761,8,2,1337,0,2674.0
2349,761,3,3,21395,20,51348.0
2350,761,15,3,899,30,1887.9
2351,762,18,1,10331,5,9814.45
2352,762,33,1,304,20,243.2
2353,762,45,3,42423,20,101815.2
2354,762,19,2,38093,0,76186.0
2355,763,22,3,2499,20,5997.6
2356,763,21,3,2833,15,7224.15
2357,763,44,2,36812,5,69942.8
2358,764,29,3,6073,0,18219.0
2359,764,50,2,3656,5,6946.4
2360,764,10,1,3600,0,3600.0
2361,764,16,3,35087,5,99997.95
2362,765,46,3,3534,5,10071.9
2363,766,39,2,688,15,1169.6
2364,766,10,1,3600,0,3600.0
2365,766,28,2,2376,30,3326.4
2366,766,24,1,2287,15,1943.95
2367,766,49,2,1095,5,2080.5
2368,767,21,1,2833,15,2408.05
2369,767,12,1,433,10,389.7
2370,767,16,3,35087,5,99997.95
2371,767,20,3,44245,5,126098.25
2372,767,27,2,4619,20,7390.4
2373,768,39,2,688,15,1169.6
2374,769,7,1,3287,10,2958.3
2375,770,50,3,3656,5,10419.6
2376,770,35,3,945,0,2835.0
2377,770,5,2,95181,30,133253.4
2378,770,26,3,1540,15,3927.0
2379,771,46,3,3534,5,10071.9
2380,771,19,2,38093,0,76186.0
2381,771,42,2,5471,0,10942.0
2382,772,40,2,1892,20,3027.2
2383,772,39,3,688,15,1754.4
2384,772,47,1,3669,15,3118.65
2385,772,10,3,3600,0,10800.0
2386,773,28,2,2376,30,3326.4
2387,773,12,1,433,10,389.7
2388,774,13,3,303,15,772.65
2389,774,47,2,3669,15,6237.3
2390,775,8,2,1337,0,2674.0
2391,775,49,1,1095,5,1040.25
2392,775,29,2,6073,0,12146.0
2393,776,22,1,2499,20,1999.2
2394,776,34,1,3273,10,2945.7
2395,777,21,3,2833,15,7224.15
2396,778,15,1,899,30,629.3
2397,779,10,3,3600,0,10800.0
2398,779,40,2,1892,20,3027.2
2399,779,13,1,303,15,257.55
2400,779,18,1,10331,5,9814.45
2401,780,22,3,2499,20,5997.6
2402,780,10,2,3600,0,7200.0
2403,781,17,3,76000,5,216600.0
2404,781,2,3,28289,30,59406.9
2405,781,33,2,304,20,486.4
2406,781,36,3,1140,5,3249.0
2407,782,44,2,36812,5,69942.8
2408,782,14,3,366,10,988.2
2409,783,26,3,1540,15,3927.0
2410,783,35,2,945,0,1890.0
2411,783,34,2,3273,10,5891.4
2412,783,16,2,35087,5,66665.3
2413,784,38,1,1952,20,1561.6
2414,784,50,2,3656,5,6946.4
2415,785,8,1,1337,0,1337.0
2416,785,35,3,945,0,2835.0
2417,785,7,2,3287,10,5916.6
2418,785,34,3,3273,10,8837.1
2419,785,12,1,433,10,389.7
2420,786,49,2,1095,5,2080.5
2421,786,4,2,40495,20,64792.0
2422,786,3,3,21395,20,51348.0
2423,786,18,3,10331,5,29443.35
2424,786,48,2,1006,0,2012.0
2425,787,7,1,3287,10,2958.3
2426,788,22,2,2499,20,3998.4
2427,788,12,3,433,10,1169.1
2428,788,49,2,1095,5,2080.5
2429,788,11,1,570,20,456.0
2430,788,34,3,3273,10,8837.1
2431,789,30,3,4815,20,11556.0
2432,789,37,1,388,10,349.2
2433,789,28,1,2376,30,1663.2
2434,789,29,3,6073,0,18219.0
2435,790,8,2,1337,0,2674.0
2436,790,43,2,7058,10,12704.4
2437,790,32,3,1623,20,3895.2
2438,790,3,1,21395,20,17116.0
2439,790,38,3,1952,20,4684.8
2440,791,50,1,3656,5,3473.2
2441,791,41,1,27156,0,27156.0
2442,791,18,2,10331,5,19628.9
2443,791,28,3,2376,30,4989.6
2444,791,17,3,76000,5,216600.0
2445,792,49,3,1095,5,3120.75
2446,793,27,3,4619,20,11085.6
2447,793,10,2,3600,0,7200.0
2448,793,32,3,1623,20,3895.2
2449,793,50,1,3656,5,3473.2
2450,793,49,2,1095,5,2080.5
2451,794,15,1,899,30,629.3
2452,794,3,2,21395,20,34232.0
2453,794,50,2,3656,5,6946.4
2454,794,40,3,1892,20,4540.8
2455,794,42,2,5471,0,10942.0
2456,795,49,3,1095,5,3120.75
2457,795,18,2,10331,5,19628.9
2458,795,44,2,36812,5,69942.8
2459,795,47,2,3669,15,6237.3
2460,795,14,2,366,10,658.8
2461,796,14,1,366,10,329.4
2462,796,44,1,36812,5,34971.4
2463,796,9,3,2666,0,7998.0
2464,797,37,3,388,10,1047.6
2465,797,40,2,1892,20,3027.2
2466,797,3,3,21395,20,51348.0
2467,797,43,3,7058,10,19056.6
2468,797,25,2,826,30,1156.4
2469,798,5,3,95181,30,199880.1
2470,799,2,3,28289,30,59406.9
2471,799,49,1,1095,5,1040.25
2472,799,46,3,3534,5,10071.9
2473,799,6,1,2778,0,2778.0
2474,800,13,3,303,15,772.65
2475,800,27,3,4619,20,11085.6
2476,800,5,1,95181,30,66626.7
2477,801,29,2,6073,0,12146.0
2478,801,35,1,945,0,945.0
2479,801,12,1,433,10,389.7
2480,802,17,1,76000,5,72200.0
2481,802,20,2,44245,5,84065.5
2482,802,7,2,3287,10,5916.6
2483,802,19,1,38093,0,38093.0
2484,802,13,3,303,15,772.65
2485,803,27,2,4619,20,7390.4
2486,803,44,2,36812,5,69942.8
2487,803,8,1,1337,0,1337.0
2488,804,27,3,4619,20,11085.6
2489,805,48,3,1006,0,3018.0
2490,805,4,3,40495,20,97188.0
2491,806,41,3,27156,0,81468.0
2492,806,28,2,2376,30,3326.4
2493,807,50,1,3656,5,3473.2
2494,807,44,2,36812,5,69942.8
2495,807,20,3,44245,5,126098.25
2496,808,6,2,2778,0,5556.0
2497,808,35,1,945,0,945.0
2498,809,41,1,27156,0,27156.0
2499,809,3,2,21395,20,34232.0
2500,809,16,1,35087,5,33332.65
2501,809,22,1,2499,20,1999.2
2502,809,1,3,93810,0,281430.0
2503,810,8,2,1337,0,2674.0
2504,810,49,2,1095,5,2080.5
2505,811,32,1,1623,20,1298.4
2506,811,34,3,3273,10,8837.1
2507,811,25,2,826,30,1156.4
2508,811,21,3,2833,15,7224.15
2509,812,20,1,44245,5,42032.75
2510,812,19,3,38093,0,114279.0
2511,813,35,1,945,0,945.0
2512,813,25,3,826,30,1734.6
2513,813,48,2,1006,0,2012.0
2514,814,40,1,1892,20,1513.6
2515,815,4,2,40495,20,64792.0
2516,815,21,2,2833,15,4816.1
2517,816,16,2,35087,5,66665.3
2518,816,26,2,1540,15,2618.0
2519,816,24,3,2287,15,5831.85
2520,816,32,3,1623,20,3895.2
2521,817,5,2,95181,30,133253.4
2522,817,8,3,1337,0,4011.0
2523,818,1,2,93810,0,187620.0
2524,818,49,2,1095,5,2080.5
2525,818,23,1,2590,15,2201.5
2526,818,15,3,899,30,1887.9
2527,819,25,1,826,30,578.2
2528,819,24,2,2287,15,3887.9
2529,819,47,2,3669,15,6237.3
2530,819,12,2,433,10,779.4
2531,820,46,3,3534,5,10071.9
2532,820,43,3,7058,10,19056.6
2533,820,21,1,2833,15,2408.05
2534,821,6,3,2778,0,8334.0
2535,822,15,2,899,30,1258.6
2536,822,42,3,5471,0,16413.0
2537,822,31,3,2744,30,5762.4
2538,823,6,2,2778,0,5556.0
2539,823,41,2,27156,0,54312.0
2540,823,17,2,76000,5,144400.0
2541,824,1,2,93810,0,187620.0
2542,825,11,2,570,20,912.0
2543,825,38,2,1952,20,3123.2
2544,825,27,3,4619,20,11085.6
2545,825,31,3,2744,30,5762.4
2546,825,44,1,36812,5,34971.4
2547,826,38,1,1952,20,1561.6
2548,826,49,3,1095,5,3120.75
2549,826,10,2,3600,0,7200.0
2550,826,11,3,570,20,1368.0
2551,826,4,3,40495,20,97188.0
2552,827,26,2,1540,15,2618.0
2553,827,18,3,10331,5,29443.35
2554,828,19,3,38093,0,114279.0
2555,829,21,1,2833,15,2408.05
2556,830,8,2,1337,0,2674.0
2557,831,5,3,95181,30,199880.1
2558,832,49,3,1095,5,3120.75
2559,833,38,2,1952,20,3123.2
2560,833,42,1,5471,0,5471.0
2561,833,27,3,4619,20,11085.6
2562,833,25,2,826,30,1156.4
2563,834,10,1,3600,0,3600.0
2564,834,20,1,44245,5,42032.75
2565,834,34,1,3273,10,2945.7
2566,835,44,1,36812,5,34971.4
2567,835,40,1,1892,20,1513.6
2568,835,15,3,899,30,1887.9
2569,835,28,3,2376,30,4989.6
2570,835,50,1,3656,5,3473.2
2571,836,44,3,36812,5,104914.2
2572,836,50,1,3656,5,3473.2
2573,836,31,3,2744,30,5762.4
2574,836,19,1,38093,0,38093.0
2575,836,11,1,570,20,456.0
2576,837,25,1,826,30,578.2
2577,837,48,2,1006,0,2012.0
2578,837,39,3,688,15,1754.4
2579,837,29,3,6073,0,18219.0
2580,837,19,3,38093,0,114279.0
2581,838,25,1,826,30,578.2
2582,838,10,3,3600,0,10800.0
2583,839,11,2,570,20,912.0
2584,839,35,2,945,0,1890.0
2585,840,25,3,826,30,1734.6
2586,840,34,1,3273,10,2945.7
2587,840,18,3,10331,5,29443.35
2588,840,32,2,1623,20,2596.8
2589,841,38,2,1952,20,3123.2
2590,841,20,3,44245,5,126098.25
2591,841,4,3,40495,20,97188.0
2592,842,10,2,3600,0,7200.0
2593,842,34,1,3273,10,2945.7
2594,842,50,1,3656,5,3473.2
2595,843,23,1,2590,15,2201.5
2596,843,46,2,3534,5,6714.6
2597,843,35,2,945,0,1890.0
2598,844,5,1,95181,30,66626.7
2599,844,29,2,6073,0,12146.0
2600,844,26,2,1540,15,2618.0
2601,845,33,2,304,20,486.4
2602,845,9,1,2666,0,2666.0
2603,846,36,1,1140,5,1083.0
2604,846,47,3,3669,15,9355.95
2605,846,44,2,36812,5,69942.8
2606,846,27,1,4619,20,3695.2
2607,847,22,1,2499,20,1999.2
2608,847,33,1,304,20,243.2
2609,847,36,3,1140,5,3249.0
2610,847,19,2,38093,0,76186.0
2611,848,2,3,28289,30,59406.9
2612,848,12,3,433,10,1169.1
2613,849,5,2,95181,30,133253.4
2614,850,45,1,42423,20,33938.4
2615,850,33,1,304,20,243.2
2616,850,23,1,2590,15,2201.5
2617,851,40,3,1892,20,4540.8
2618,852,48,2,1006,0,2012.0
2619,852,9,1,2666,0,2666.0
2620,852,21,2,2833,15,4816.1
2621,853,3,3,21395,20,51348.0
2622,853,34,3,3273,10,8837.1
2623,854,9,1,2666,0,2666.0
2624,855,12,2,433,10,779.4
2625,855,14,1,366,10,329.4
2626,855,23,3,2590,15,6604.5
2627,855,4,2,40495,20,64792.0
2628,856,39,3,688,15,1754.4
2629,856,44,1,36812,5,34971.4
2630,856,50,3,3656,5,10419.6
2631,856,26,3,1540,15,3927.0
2632,857,22,2,2499,20,3998.4
2633,857,30,2,4815,20,7704.0
2634,857,46,2,3534,5,6714.6
2635,857,24,3,2287,15,5831.85
2636,858,31,3,2744,30,5762.4
2637,859,4,1,40495,20,32396.0
2638,859,46,2,3534,5,6714.6
2639,860,13,1,303,15,257.55
2640,860,12,3,433,10,1169.1
2641,860,32,3,1623,20,3895.2
2642,860,14,2,366,10,658.8
2643,861,43,3,7058,10,19056.6
2644,861,21,2,2833,15,4816.1
2645,861,15,2,899,30,1258.6
2646,862,3,3,21395,20,51348.0
2647,863,45,2,42423,20,67876.8
2648,864,5,2,95181,30,133253.4
2649,864,2,1,28289,30,19802.3
2650,864,41,2,27156,0,54312.0
2651,864,16,2,35087,5,66665.3
2652,864,34,3,3273,10,8837.1
2653,865,37,1,388,10,349.2
2654,865,12,3,433,10,1169.1
2655,866,2,2,28289,30,39604.6
2656,867,43,2,7058,10,12704.4
2657,867,12,3,433,10,1169.1
2658,868,25,1,826,30,578.2
2659,868,46,3,3534,5,10071.9
2660,868,34,3,3273,10,8837.1
2661,868,37,2,388,10,698.4
2662,869,11,1,570,20,456.0
2663,869,32,3,1623,20,3895.2
2664,869,10,2,3600,0,7200.0
2665,869,2,3,28289,30,59406.9
2666,870,12,1,433,10,389.7
2667,870,13,1,303,15,257.55
2668,871,38,1,1952,20,1561.6
2669,871,14,3,366,10,988.2
2670,872,41,1,27156,0,27156.0
2671,872,14,2,366,10,658.8
2672,872,40,2,1892,20,3027.2
2673,872,12,1,433,10,389.7
2674,872,45,3,42423,20,101815.2
2675,873,47,2,3669,15,6237.3
2676,873,13,3,303,15,772.65
2677,873,41,2,27156,0,54312.0
2678,874,40,1,1892,20,1513.6
2679,875,22,1,2499,20,1999.2
2680,875,34,2,3273,10,5891.4
2681,875,43,3,7058,10,19056.6
2682,876,48,2,1006,0,2012.0
2683,877,14,1,366,10,329.4
2684,878,18,2,10331,5,19628.9
2685,878,44,3,36812,5,104914.2
2686,878,13,3,303,15,772.65
2687,878,28,1,2376,30,1663.2
2688,878,47,3,3669,15,9355.95
2689,879,49,1,1095,5,1040.25
2690,879,33,1,304,20,243.2
2691,879,42,1,5471,0,5471.0
2692,879,3,3,21395,20,51348.0
2693,879,18,1,10331,5,9814.45
2694,880,43,3,7058,10,19056.6
2695,880,11,1,570,20,456.0
2696,880,37,2,388,10,698.4
2697,880,15,3,899,30,1887.9
2698,881,30,1,4815,20,3852.0
2699,882,38,1,1952,20,1561.6
2700,882,30,1,4815,20,3852.0
2701,883,13,2,303,15,515.1
2702,884,44,2,36812,5,69942.8
2703,885,1,1,93810,0,93810.0
2704,885,20,3,44245,5,126098.25
2705,885,40,1,1892,20,1513.6
2706,885,44,1,36812,5,34971.4
2707,885,7,1,3287,10,2958.3
2708,886,19,3,38093,0,114279.0
2709,886,23,3,2590,15,6604.5
2710,886,42,1,5471,0,5471.0
2711,886,13,1,303,15,257.55
2712,887,6,2,2778,0,5556.0
2713,887,44,2,36812,5,69942.8
2714,888,27,2,4619,20,7390.4
2715,888,33,1,304,20,243.2
2716,888,40,3,1892,20,4540.8
2717,888,8,3,1337,0,4011.0
2718,889,25,1,826,30,578.2
2719,889,32,2,1623,20,2596.8
2720,889,3,1,21395,20,17116.0
2721,889,37,1,388,10,349.2
2722,889,21,3,2833,15,7224.15
2723,890,21,2,2833,15,4816.1
2724,890,22,1,2499,20,1999.2
2725,891,17,2,76000,5,144400.0
2726,892,23,2,2590,15,4403.0
2727,892,39,1,688,15,584.8
2728,893,23,3,2590,15,6604.5
2729,893,24,1,2287,15,1943.95
2730,893,13,2,303,15,515.1
2731,894,49,3,1095,5,3120.75
2732,894,38,1,1952,20,1561.6
2733,895,39,1,688,15,584.8
2734,895,10,3,3600,0,10800.0
2735,896,15,2,899,30,1258.6
2736,896,40,1,1892,20,1513.6
2737,896,19,1,38093,0,38093.0
2738,896,25,2,826,30,1156.4
2739,896,42,1,5471,0,5471.0
2740,897,20,1,44245,5,42032.75
2741,898,35,1,945,0,945.0
2742,898,36,3,1140,5,3249.0
2743,899,31,2,2744,30,3841.6
2744,899,33,2,304,20,486.4
2745,899,1,3,93810,0,281430.0
2746,899,43,2,7058,10,12704.4
2747,899,38,3,1952,20,4684.8
2748,900,42,1,5471,0,5471.0
2749,900,24,1,2287,15,1943.95
2750,901,18,3,10331,5,29443.35
2751,901,21,2,2833,15,4816.1
2752,901,39,2,688,15,1169.6
2753,902,5,1,95181,30,66626.7
2754,902,8,3,1337,0,4011.0
2755,903,27,3,4619,20,11085.6
2756,904,18,3,10331,5,29443.35
2757,904,41,2,27156,0,54312.0
2758,905,1,1,93810,0,93810.0
2759,905,35,3,945,0,2835.0
2760,905,6,2,2778,0,5556.0
2761,905,36,2,1140,5,2166.0
2762,905,21,2,2833,15,4816.1
2763,906,32,3,1623,20,3895.2
2764,907,45,1,42423,20,33938.4
2765,907,33,1,304,20,243.2
2766,908,38,1,1952,20,1561.6
2767,908,5,3,95181,30,199880.1
2768,908,8,2,1337,0,2674.0
2769,908,2,3,28289,30,59406.9
2770,908,47,3,3669,15,9355.95
2771,909,24,2,2287,15,3887.9
2772,909,49,3,1095,5,3120.75
2773,910,7,2,3287,10,5916.6
2774,910,4,1,40495,20,32396.0
2775,911,18,1,10331,5,9814.45
2776,911,37,1,388,10,349.2
2777,912,13,2,303,15,515.1
2778,912,35,1,945,0,945.0
2779,912,30,1,4815,20,3852.0
2780,912,16,3,35087,5,99997.95
2781,913,1,1,93810,0,93810.0
2782,914,8,2,1337,0,2674.0
2783,914,50,1,3656,5,3473.2
2784,914,26,2,1540,15,2618.0
2785,915,13,2,303,15,515.1
2786,915,38,3,1952,20,4684.8
2787,915,24,2,2287,15,3887.9
2788,916,41,1,27156,0,27156.0
2789,917,43,3,7058,10,19056.6
2790,918,24,1,2287,15,1943.95
2791,918,2,1,28289,30,19802.3
2792,919,26,3,1540,15,3927.0
2793,919,2,1,28289,30,19802.3
2794,919,8,1,1337,0,1337.0
2795,919,25,1,826,30,578.2
2796,920,39,3,688,15,1754.4
2797,920,1,3,93810,0,281430.0
2798,920,10,2,3600,0,7200.0
2799,920,3,2,21395,20,34232.0
2800,921,35,3,945,0,2835.0
2801,921,3,3,21395,20,51348.0
2802,922,24,1,2287,15,1943.95
2803,922,14,1,366,10,329.4
2804,922,31,2,2744,30,3841.6
2805,923,13,1,303,15,257.55
2806,923,26,1,1540,15,1309.0
2807,924,11,1,570,20,456.0
2808,924,29,2,6073,0,12146.0
2809,924,35,1,945,0,945.0
2810,924,27,1,4619,20,3695.2
2811,925,27,3,4619,20,11085.6
2812,925,33,2,304,20,486.4
2813,925,11,1,570,20,456.0
2814,925,25,2,826,30,1156.4
2815,926,1,1,93810,0,93810.0
2816,926,35,3,945,0,2835.0
2817,927,16,1,35087,5,33332.65
2818,927,39,2,688,15,1169.6
2819,927,29,2,6073,0,12146.0
2820,927,50,1,3656,5,3473.2
2821,928,26,3,1540,15,3927.0
2822,928,48,1,1006,0,1006.0
2823,928,2,3,28289,30,59406.9
2824,928,29,2,6073,0,12146.0
2825,929,1,1,93810,0,93810.0
2826,929,44,2,36812,5,69942.8
2827,929,23,1,2590,15,2201.5
2828,930,5,3,95181,30,199880.1
2829,931,26,1,1540,15,1309.0
2830,931,1,2,93810,0,187620.0
2831,931,28,1,2376,30,1663.2
2832,931,42,1,5471,0,5471.0
2833,931,18,2,10331,5,19628.9
2834,932,3,2,21395,20,34232.0
2835,932,6,1,2778,0,2778.0
2836,932,41,2,27156,0,54312.0
2837,932,35,1,945,0,945.0
2838,933,15,3,899,30,1887.9
2839,933,18,1,10331,5,9814.45
2840,933,35,3,945,0,2835.0
2841,934,42,1,5471,0,5471.0
2842,934,27,3,4619,20,11085.6
2843,934,44,3,36812,5,104914.2
2844,934,4,1,40495,20,32396.0
2845,934,30,1,4815,20,3852.0
2846,935,48,3,1006,0,3018.0
2847,935,3,2,21395,20,34232.0
2848,935,47,1,3669,15,3118.65
2849,935,18,3,10331,5,29443.35
2850,936,26,2,1540,15,2618.0
2851,936,28,2,2376,30,3326.4
2852,936,17,1,76000,5,72200.0
2853,936,30,3,4815,20,11556.0
2854,937,37,3,388,10,1047.6
2855,937,47,1,3669,15,3118.65
2856,937,39,1,688,15,584.8
2857,937,9,2,2666,0,5332.0
2858,938,22,3,2499,20,5997.6
2859,938,2,1,28289,30,19802.3
2860,938,11,3,570,20,1368.0
2861,938,9,1,2666,0,2666.0
2862,939,33,1,304,20,243.2
2863,939,13,2,303,15,515.1
2864,939,16,1,35087,5,33332.65
2865,939,45,1,42423,20,33938.4
2866,939,1,2,93810,0,187620.0
2867,940,16,1,35087,5,33332.65
2868,940,29,2,6073,0,12146.0
2869,940,49,3,1095,5,3120.75
2870,940,37,2,388,10,698.4
2871,940,40,2,1892,20,3027.2
2872,941,32,2,1623,20,2596.8
2873,942,14,1,366,10,329.4
2874,942,3,1,21395,20,17116.0
2875,942,9,3,2666,0,7998.0
2876,942,28,1,2376,30,1663.2
2877,943,45,1,42423,20,33938.4
2878,943,1,1,93810,0,93810.0
2879,943,28,2,2376,30,3326.4
2880,943,25,2,826,30,1156.4
2881,944,19,3,38093,0,114279.0
2882,944,36,1,1140,5,1083.0
2883,945,10,2,3600,0,7200.0
2884,946,15,1,899,30,629.3
2885,946,47,3,3669,15,9355.95
2886,946,4,2,40495,20,64792.0
2887,947,36,3,1140,5,3249.0
2888,947,35,3,945,0,2835.0
2889,947,6,1,2778,0,2778.0
2890,947,34,2,3273,10,5891.4
2891,947,14,2,366,10,658.8
2892,948,11,3,570,20,1368.0
2893,948,49,2,1095,5,2080.5
2894,949,23,2,2590,15,4403.0
2895,949,29,3,6073,0,18219.0
2896,950,40,3,1892,20,4540.8
2897,950,24,3,2287,15,5831.85
2898,950,13,1,303,15,257.55
2899,950,22,3,2499,20,5997.6
2900,951,25,2,826,30,1156.4
2901,952,39,3,688,15,1754.4
2902,952,33,1,304,20,243.2
2903,952,45,2,42423,20,67876.8
2904,953,14,2,366,10,658.8
2905,953,11,3,570,20,1368.0
2906,953,16,3,35087,5,99997.95
2907,953,9,3,2666,0,7998.0
2908,954,7,1,3287,10,2958.3
2909,954,38,3,1952,20,4684.8
2910,954,16,1,35087,5,33332.65
2911,954,18,3,10331,5,29443.35
2912,954,15,2,899,30,1258.6
2913,955,38,3,1952,20,4684.8
2914,956,42,1,5471,0,5471.0
2915,956,12,1,433,10,389.7
2916,956,6,2,2778,0,5556.0
2917,957,17,2,76000,5,144400.0
2918,957,32,3,1623,20,3895.2
2919,957,43,1,7058,10,6352.2
2920,958,19,2,38093,0,76186.0
2921,958,31,1,2744,30,1920.8
2922,958,44,3,36812,5,104914.2
2923,959,33,3,304,20,729.6
2924,959,25,1,826,30,578.2
2925,959,35,3,945,0,2835.0
2926,959,5,3,95181,30,199880.1
2927,959,11,1,570,20,456.0
2928,960,20,2,44245,5,84065.5
2929,960,12,1,433,10,389.7
2930,961,15,1,899,30,629.3
2931,961,42,3,5471,0,16413.0
2932,961,7,2,3287,10,5916.6
2933,961,20,3,44245,5,126098.25
2934,961,26,3,1540,15,3927.0
2935,962,31,3,2744,30,5762.4
2936,962,29,1,6073,0,6073.0
2937,963,47,2,3669,15,6237.3
2938,963,7,2,3287,10,5916.6
2939,963,24,3,2287,15,5831.85
2940,964,46,2,3534,5,6714.6
2941,964,19,1,38093,0,38093.0
2942,964,21,1,2833,15,2408.05
2943,964,41,2,27156,0,54312.0
2944,965,30,2,4815,20,7704.0
2945,965,45,2,42423,20,67876.8
2946,965,44,3,36812,5,104914.2
2947,966,3,1,21395,20,17116.0
2948,966,42,2,5471,0,10942.0
2949,966,21,3,2833,15,7224.15
2950,966,25,3,826,30,1734.6
2951,966,5,3,95181,30,199880.1
2952,967,22,2,2499,20,3998.4
2953,967,23,2,2590,15,4403.0
2954,967,43,3,7058,10,19056.6
2955,967,45,2,42423,20,67876.8
2956,967,2,3,28289,30,59406.9
2957,968,31,1,2744,30,1920.8
2958,969,11,1,570,20,456.0
2959,969,23,1,2590,15,2201.5
2960,969,42,2,5471,0,10942.0
2961,969,22,1,2499,20,1999.2
2962,970,42,1,5471,0,5471.0
2963,970,4,1,40495,20,32396.0
2964,970,29,1,6073,0,6073.0
2965,971,16,1,35087,5,33332.65
2966,971,15,3,899,30,1887.9
2967,971,30,1,4815,20,3852.0
2968,972,37,1,388,10,349.2
2969,972,38,1,1952,20,1561.6
2970,972,19,3,38093,0,114279.0
2971,972,4,3,40495,20,97188.0
2972,973,44,2,36812,5,69942.8
2973,974,45,3,42423,20,101815.2
2974,974,11,3,570,20,1368.0
2975,974,47,1,3669,15,3118.65
2976,974,24,2,2287,15,3887.9
2977,975,45,2,42423,20,67876.8
2978,975,18,2,10331,5,19628.9
2979,975,50,3,3656,5,10419.6
2980,976,45,2,42423,20,67876.8
2981,977,45,1,42423,20,33938.4
2982,977,44,1,36812,5,34971.4
2983,978,33,3,304,20,729.6
2984,978,41,3,27156,0,81468.0
2985,979,14,2,366,10,658.8
2986,979,35,3,945,0,2835.0
2987,979,33,2,304,20,486.4
2988,980,1,2,93810,0,187620.0
2989,980,5,3,95181,30,199880.1
2990,980,25,3,826,30,1734.6
2991,981,31,3,2744,30,5762.4
2992,981,33,2,304,20,486.4
2993,981,30,2,4815,20,7704.0
2994,981,26,2,1540,15,2618.0
2995,981,16,3,35087,5,99997.95
2996,982,2,2,28289,30,39604.6
2997,982,27,1,4619,20,3695.2
2998,983,19,1,38093,0,38093.0
2999,983,33,2,304,20,486.4
3000,983,14,2,366,10,658.8
3001,984,29,1,6073,0,6073.0
3002,984,39,1,688,15,584.8
3003,984,41,2,27156,0,54312.0
3004,985,26,2,1540,15,2618.0
3005,985,49,1,1095,5,1040.25
3006,985,35,3,945,0,2835.0
3007,986,24,3,2287,15,5831.85
3008,986,43,3,7058,10,19056.6
3009,987,30,1,4815,20,3852.0
3010,987,32,1,1623,20,1298.4
3011,987,3,3,21395,20,51348.0
3012,988,30,1,4815,20,3852.0
3013,988,2,1,28289,30,19802.3
3014,989,7,1,3287,10,2958.3
3015,990,20,3,44245,5,126098.25
3016,990,35,1,945,0,945.0
3017,990,9,2,2666,0,5332.0
3018,991,46,2,3534,5,6714.6
3019,991,34,1,3273,10,2945.7
3020,991,31,1,2744,30,1920.8
3021,992,11,3,570,20,1368.0
3022,992,3,1,21395,20,17116.0
3023,992,13,3,303,15,772.65
3024,992,48,2,1006,0,2012.0
3025,992,30,2,4815,20,7704.0
3026,993,29,2,6073,0,12146.0
3027,993,15,2,899,30,1258.6
3028,994,16,1,35087,5,33332.65
3029,994,17,3,76000,5,216600.0
3030,994,4,2,40495,20,64792.0
3031,994,24,1,2287,15,1943.95
3032,994,5,1,95181,30,66626.7
3033,995,21,2,2833,15,4816.1
3034,995,40,1,1892,20,1513.6
3035,995,29,2,6073,0,12146.0
3036,995,9,2,2666,0,5332.0
3037,996,32,1,1623,20,1298.4
3038,996,26,3,1540,15,3927.0
3039,997,50,3,3656,5,10419.6
3040,997,43,2,7058,10,12704.4
3041,997,9,3,2666,0,7998.0
3042,997,42,3,5471,0,16413.0
3043,997,29,2,6073,0,12146.0
3044,998,14,2,366,10,658.8
3045,998,5,3,95181,30,199880.1
3046,998,28,3,2376,30,4989.6
3047,998,35,1,945,0,945.0
3048,999,24,3,2287,15,5831.85
3049,999,45,2,42423,20,67876.8
3050,999,50,2,3656,5,6946.4
3051,999,25,3,826,30,1734.6
3052,999,26,1,1540,15,1309.0
3053,1000,37,1,388,10,349.2
3054,1000,5,1,95181,30,66626.7
3055,1000,14,3,366,10,988.2
3056,1000,33,3,304,20,729.6
